Rk,Team,Overall,Home,Road,W,≤3,≥10,L,W%,HW,HL,HW%,RW,RL,RW%,Season
1,PHO,62-20,31-10,31-10,62,7-2,36-8,20,0.7560975609756098,31,10,0.7560975609756098,31,10,0.7560975609756098,2005
2,MIA,59-23,35-6,24-17,59,7-8,33-6,23,0.7195121951219512,35,6,0.8536585365853658,24,17,0.5853658536585366,2005
3,SAS,59-23,38-3,21-20,59,9-7,40-5,23,0.7195121951219512,38,3,0.926829268292683,21,20,0.5121951219512195,2005
4,DAL,58-24,29-12,29-12,58,8-4,28-10,24,0.7073170731707317,29,12,0.7073170731707317,29,12,0.7073170731707317,2005
5,DET,54-28,32-9,22-19,54,8-8,26-14,28,0.6585365853658537,32,9,0.7804878048780488,22,19,0.5365853658536586,2005
6,OKC,52-30,26-15,26-15,52,7-5,25-15,30,0.6341463414634146,26,15,0.6341463414634146,26,15,0.6341463414634146,2005
7,HOU,51-31,26-15,25-16,51,12-6,28-11,31,0.6219512195121951,26,15,0.6341463414634146,25,16,0.6097560975609756,2005
8,SAC,50-32,30-11,20-21,50,10-7,20-15,32,0.6097560975609756,30,11,0.7317073170731707,20,21,0.4878048780487805,2005
9,DEN,49-33,31-10,18-23,49,8-4,25-18,33,0.5975609756097561,31,10,0.7560975609756098,18,23,0.43902439024390244,2005
10,CHI,47-35,27-14,20-21,47,7-5,15-15,35,0.573170731707317,27,14,0.6585365853658537,20,21,0.4878048780487805,2005
11,BOS,45-37,27-14,18-23,45,11-7,16-14,37,0.5487804878048781,27,14,0.6585365853658537,18,23,0.43902439024390244,2005
12,MEM,45-37,26-15,19-22,45,7-11,23-12,37,0.5487804878048781,26,15,0.6341463414634146,19,22,0.4634146341463415,2005
13,WAS,45-37,29-12,16-25,45,14-6,16-16,37,0.5487804878048781,29,12,0.7073170731707317,16,25,0.3902439024390244,2005
14,IND,44-38,25-16,19-22,44,9-9,18-12,38,0.5365853658536586,25,16,0.6097560975609756,19,22,0.4634146341463415,2005
15,MIN,44-38,24-17,20-21,44,5-6,16-15,38,0.5365853658536586,24,17,0.5853658536585366,20,21,0.4878048780487805,2005
16,PHI,43-39,25-16,18-23,43,10-4,13-15,39,0.524390243902439,25,16,0.6097560975609756,18,23,0.43902439024390244,2005
17,BRK,42-40,24-17,18-23,42,7-4,19-26,40,0.5121951219512195,24,17,0.5853658536585366,18,23,0.43902439024390244,2005
18,CLE,42-40,29-12,13-28,42,4-5,27-20,40,0.5121951219512195,29,12,0.7073170731707317,13,28,0.3170731707317073,2005
19,LAC,37-45,27-14,10-31,37,4-13,15-19,45,0.45121951219512196,27,14,0.6585365853658537,10,31,0.24390243902439024,2005
20,ORL,36-46,24-17,12-29,36,10-5,10-22,46,0.43902439024390244,24,17,0.5853658536585366,12,29,0.2926829268292683,2005
21,GSW,34-48,20-21,14-27,34,4-10,14-22,48,0.4146341463414634,20,21,0.4878048780487805,14,27,0.34146341463414637,2005
22,LAL,34-48,22-19,12-29,34,6-10,11-23,48,0.4146341463414634,22,19,0.5365853658536586,12,29,0.2926829268292683,2005
23,NYK,33-49,22-19,11-30,33,9-11,13-17,49,0.4024390243902439,22,19,0.5365853658536586,11,30,0.2682926829268293,2005
24,TOR,33-49,22-19,11-30,33,6-9,16-21,49,0.4024390243902439,22,19,0.5365853658536586,11,30,0.2682926829268293,2005
25,MIL,30-52,23-18,7-34,30,8-8,10-21,52,0.36585365853658536,23,18,0.5609756097560976,7,34,0.17073170731707318,2005
26,POR,27-55,18-23,9-32,27,8-5,9-21,55,0.32926829268292684,18,23,0.43902439024390244,9,32,0.21951219512195122,2005
27,UTA,26-56,18-23,8-33,26,6-10,13-31,56,0.3170731707317073,18,23,0.43902439024390244,8,33,0.1951219512195122,2005
28,CHO,18-64,14-27,4-37,18,5-16,6-29,64,0.21951219512195122,14,27,0.34146341463414637,4,37,0.0975609756097561,2005
29,NOP,18-64,11-30,7-34,18,6-11,3-31,64,0.21951219512195122,11,30,0.2682926829268293,7,34,0.17073170731707318,2005
30,ATL,13-69,9-32,4-37,13,2-8,3-43,69,0.15853658536585366,9,32,0.21951219512195122,4,37,0.0975609756097561,2005
1,DET,64-18,37-4,27-14,64,7-4,32-8,18,0.7804878048780488,37,4,0.9024390243902439,27,14,0.6585365853658537,2006
2,SAS,63-19,34-7,29-12,63,10-2,31-11,19,0.7682926829268293,34,7,0.8292682926829268,29,12,0.7073170731707317,2006
3,DAL,60-22,34-7,26-15,60,11-6,28-10,22,0.7317073170731707,34,7,0.8292682926829268,26,15,0.6341463414634146,2006
4,PHO,54-28,31-10,23-18,54,0-7,34-9,28,0.6585365853658537,31,10,0.7560975609756098,23,18,0.5609756097560976,2006
5,MIA,52-30,31-10,21-20,52,8-4,27-11,30,0.6341463414634146,31,10,0.7560975609756098,21,20,0.5121951219512195,2006
6,CLE,50-32,31-10,19-22,50,9-4,20-11,32,0.6097560975609756,31,10,0.7560975609756098,19,22,0.4634146341463415,2006
7,MEM,49-33,30-11,19-22,49,6-10,30-13,33,0.5975609756097561,30,11,0.7317073170731707,19,22,0.4634146341463415,2006
8,BRK,49-33,29-12,20-21,49,8-6,21-17,33,0.5975609756097561,29,12,0.7073170731707317,20,21,0.4878048780487805,2006
9,LAC,47-35,27-14,20-21,47,6-5,24-19,35,0.573170731707317,27,14,0.6585365853658537,20,21,0.4878048780487805,2006
10,LAL,45-37,27-14,18-23,45,7-9,25-15,37,0.5487804878048781,27,14,0.6585365853658537,18,23,0.43902439024390244,2006
11,DEN,44-38,26-15,18-23,44,12-8,22-20,38,0.5365853658536586,26,15,0.6341463414634146,18,23,0.43902439024390244,2006
12,SAC,44-38,27-14,17-24,44,6-5,21-21,38,0.5365853658536586,27,14,0.6585365853658537,17,24,0.4146341463414634,2006
13,WAS,42-40,27-14,15-26,42,5-8,24-16,40,0.5121951219512195,27,14,0.6585365853658537,15,26,0.36585365853658536,2006
14,CHI,41-41,21-20,20-21,41,6-10,14-16,41,0.5,21,20,0.5121951219512195,20,21,0.4878048780487805,2006
15,IND,41-41,27-14,14-27,41,4-10,26-14,41,0.5,27,14,0.6585365853658537,14,27,0.34146341463414637,2006
16,UTA,41-41,22-19,19-22,41,7-2,17-23,41,0.5,22,19,0.5365853658536586,19,22,0.4634146341463415,2006
17,MIL,40-42,25-16,15-26,40,11-6,15-18,42,0.4878048780487805,25,16,0.6097560975609756,15,26,0.36585365853658536,2006
18,NOP,38-44,24-17,14-27,38,7-5,14-28,44,0.4634146341463415,24,17,0.5853658536585366,14,27,0.34146341463414637,2006
19,PHI,38-44,23-18,15-26,38,9-7,12-21,44,0.4634146341463415,23,18,0.5609756097560976,15,26,0.36585365853658536,2006
20,ORL,36-46,26-15,10-31,36,4-6,15-19,46,0.43902439024390244,26,15,0.6341463414634146,10,31,0.24390243902439024,2006
21,OKC,35-47,22-19,13-28,35,4-4,15-24,47,0.4268292682926829,22,19,0.5365853658536586,13,28,0.3170731707317073,2006
22,GSW,34-48,21-20,13-28,34,7-14,12-22,48,0.4146341463414634,21,20,0.5121951219512195,13,28,0.3170731707317073,2006
23,HOU,34-48,15-26,19-22,34,7-9,13-19,48,0.4146341463414634,15,26,0.36585365853658536,19,22,0.4634146341463415,2006
24,BOS,33-49,21-20,12-29,33,9-10,15-17,49,0.4024390243902439,21,20,0.5121951219512195,12,29,0.2926829268292683,2006
25,MIN,33-49,24-17,9-32,33,4-10,16-19,49,0.4024390243902439,24,17,0.5853658536585366,9,32,0.21951219512195122,2006
26,TOR,27-55,15-26,12-29,27,5-11,12-20,55,0.32926829268292684,15,26,0.36585365853658536,12,29,0.2926829268292683,2006
27,ATL,26-56,18-23,8-33,26,12-12,7-22,56,0.3170731707317073,18,23,0.43902439024390244,8,33,0.1951219512195122,2006
28,CHO,26-56,17-24,9-32,26,5-7,10-26,56,0.3170731707317073,17,24,0.4146341463414634,9,32,0.21951219512195122,2006
29,NYK,23-59,15-26,8-33,23,8-6,7-32,59,0.2804878048780488,15,26,0.36585365853658536,8,33,0.1951219512195122,2006
30,POR,21-61,15-26,6-35,21,7-4,4-42,61,0.25609756097560976,15,26,0.36585365853658536,6,35,0.14634146341463414,2006
1,DAL,67-15,36-5,31-10,67,12-3,36-9,15,0.8170731707317073,36,5,0.8780487804878049,31,10,0.7560975609756098,2007
2,PHO,61-21,33-8,28-13,61,5-4,32-4,21,0.7439024390243902,33,8,0.8048780487804879,28,13,0.6829268292682927,2007
3,SAS,58-24,31-10,27-14,58,3-5,35-7,24,0.7073170731707317,31,10,0.7560975609756098,27,14,0.6585365853658537,2007
4,DET,53-29,26-15,27-14,53,6-10,24-7,29,0.6463414634146342,26,15,0.6341463414634146,27,14,0.6585365853658537,2007
5,HOU,52-30,28-13,24-17,52,4-4,25-13,30,0.6341463414634146,28,13,0.6829268292682927,24,17,0.5853658536585366,2007
6,UTA,51-31,31-10,20-21,51,10-10,26-11,31,0.6219512195121951,31,10,0.7560975609756098,20,21,0.4878048780487805,2007
7,CLE,50-32,30-11,20-21,50,9-7,25-11,32,0.6097560975609756,30,11,0.7317073170731707,20,21,0.4878048780487805,2007
8,CHI,49-33,31-10,18-23,49,9-9,28-15,33,0.5975609756097561,31,10,0.7560975609756098,18,23,0.43902439024390244,2007
9,TOR,47-35,30-11,17-24,47,11-6,23-18,35,0.573170731707317,30,11,0.7317073170731707,17,24,0.4146341463414634,2007
10,DEN,45-37,23-18,22-19,45,3-7,23-17,37,0.5487804878048781,23,18,0.5609756097560976,22,19,0.5365853658536586,2007
11,MIA,44-38,27-14,17-24,44,13-6,16-22,38,0.5365853658536586,27,14,0.6585365853658537,17,24,0.4146341463414634,2007
12,GSW,42-40,30-11,12-29,42,8-8,26-21,40,0.5121951219512195,30,11,0.7317073170731707,12,29,0.2926829268292683,2007
13,LAL,42-40,25-16,17-24,42,5-4,18-16,40,0.5121951219512195,25,16,0.6097560975609756,17,24,0.4146341463414634,2007
14,BRK,41-41,24-17,17-24,41,6-8,17-17,41,0.5,24,17,0.5853658536585366,17,24,0.4146341463414634,2007
15,WAS,41-41,26-15,15-26,41,12-7,19-16,41,0.5,26,15,0.6341463414634146,15,26,0.36585365853658536,2007
16,ORL,40-42,25-16,15-26,40,10-7,20-19,42,0.4878048780487805,25,16,0.6097560975609756,15,26,0.36585365853658536,2007
17,LAC,40-42,25-16,15-26,40,5-6,20-25,42,0.4878048780487805,25,16,0.6097560975609756,15,26,0.36585365853658536,2007
18,NOP,39-43,24-17,15-26,39,9-7,14-21,43,0.47560975609756095,24,17,0.5853658536585366,15,26,0.36585365853658536,2007
19,IND,35-47,22-19,13-28,35,5-7,18-24,47,0.4268292682926829,22,19,0.5365853658536586,13,28,0.3170731707317073,2007
20,PHI,35-47,21-20,14-27,35,9-8,12-25,47,0.4268292682926829,21,20,0.5121951219512195,14,27,0.34146341463414637,2007
21,CHO,33-49,20-21,13-28,33,2-4,15-23,49,0.4024390243902439,20,21,0.4878048780487805,13,28,0.3170731707317073,2007
22,NYK,33-49,19-22,14-27,33,10-10,10-23,49,0.4024390243902439,19,22,0.4634146341463415,14,27,0.34146341463414637,2007
23,SAC,33-49,20-21,13-28,33,5-6,14-19,49,0.4024390243902439,20,21,0.4878048780487805,13,28,0.3170731707317073,2007
24,MIN,32-50,20-21,12-29,32,7-10,9-25,50,0.3902439024390244,20,21,0.4878048780487805,12,29,0.2926829268292683,2007
25,POR,32-50,18-23,14-27,32,11-7,9-29,50,0.3902439024390244,18,23,0.43902439024390244,14,27,0.34146341463414637,2007
26,OKC,31-51,20-21,11-30,31,10-10,14-23,51,0.3780487804878049,20,21,0.4878048780487805,11,30,0.2682926829268293,2007
27,ATL,30-52,18-23,12-29,30,7-7,11-30,52,0.36585365853658536,18,23,0.43902439024390244,12,29,0.2926829268292683,2007
28,MIL,28-54,18-23,10-31,28,4-8,10-28,54,0.34146341463414637,18,23,0.43902439024390244,10,31,0.24390243902439024,2007
29,BOS,24-58,12-29,12-29,24,4-12,7-20,58,0.2926829268292683,12,29,0.2926829268292683,12,29,0.2926829268292683,2007
30,MEM,22-60,14-27,8-33,22,5-12,8-26,60,0.2682926829268293,14,27,0.34146341463414637,8,33,0.1951219512195122,2007
1,BOS,66-16,35-6,31-10,66,7-6,45-3,16,0.8048780487804879,35,6,0.8536585365853658,31,10,0.7560975609756098,2008
2,DET,59-23,34-7,25-16,59,5-3,37-10,23,0.7195121951219512,34,7,0.8292682926829268,25,16,0.6097560975609756,2008
3,LAL,57-25,30-11,27-14,57,5-8,37-9,25,0.6951219512195121,30,11,0.7317073170731707,27,14,0.6585365853658537,2008
4,NOP,56-26,30-11,26-15,56,8-4,37-15,26,0.6829268292682927,30,11,0.7317073170731707,26,15,0.6341463414634146,2008
5,SAS,56-26,34-7,22-19,56,8-6,31-11,26,0.6829268292682927,34,7,0.8292682926829268,22,19,0.5365853658536586,2008
6,HOU,55-27,31-10,24-17,55,9-3,31-11,27,0.6707317073170732,31,10,0.7560975609756098,24,17,0.5853658536585366,2008
7,PHO,55-27,30-11,25-16,55,3-5,31-9,27,0.6707317073170732,30,11,0.7317073170731707,25,16,0.6097560975609756,2008
8,UTA,54-28,37-4,17-24,54,4-3,37-14,28,0.6585365853658537,37,4,0.9024390243902439,17,24,0.4146341463414634,2008
9,ORL,52-30,25-16,27-14,52,6-6,34-12,30,0.6341463414634146,25,16,0.6097560975609756,27,14,0.6585365853658537,2008
10,DAL,51-31,34-7,17-24,51,5-6,29-11,31,0.6219512195121951,34,7,0.8292682926829268,17,24,0.4146341463414634,2008
11,DEN,50-32,33-8,17-24,50,6-6,29-18,32,0.6097560975609756,33,8,0.8048780487804879,17,24,0.4146341463414634,2008
12,GSW,48-34,27-14,21-20,48,9-2,22-14,34,0.5853658536585366,27,14,0.6585365853658537,21,20,0.5121951219512195,2008
13,CLE,45-37,27-14,18-23,45,10-8,10-17,37,0.5487804878048781,27,14,0.6585365853658537,18,23,0.43902439024390244,2008
14,WAS,43-39,25-16,18-23,43,5-9,26-19,39,0.524390243902439,25,16,0.6097560975609756,18,23,0.43902439024390244,2008
15,TOR,41-41,25-16,16-25,41,3-3,26-16,41,0.5,25,16,0.6097560975609756,16,25,0.3902439024390244,2008
16,POR,41-41,28-13,13-28,41,10-2,15-22,41,0.5,28,13,0.6829268292682927,13,28,0.3170731707317073,2008
17,PHI,40-42,22-19,18-23,40,4-8,18-20,42,0.4878048780487805,22,19,0.5365853658536586,18,23,0.43902439024390244,2008
18,SAC,38-44,26-15,12-29,38,10-8,17-23,44,0.4634146341463415,26,15,0.6341463414634146,12,29,0.2926829268292683,2008
19,ATL,37-45,25-16,12-29,37,6-5,11-24,45,0.45121951219512196,25,16,0.6097560975609756,12,29,0.2926829268292683,2008
20,IND,36-46,21-20,15-26,36,4-3,14-22,46,0.43902439024390244,21,20,0.5121951219512195,15,26,0.36585365853658536,2008
21,BRK,34-48,21-20,13-28,34,7-3,8-31,48,0.4146341463414634,21,20,0.5121951219512195,13,28,0.3170731707317073,2008
22,CHI,33-49,20-21,13-28,33,4-3,19-29,49,0.4024390243902439,20,21,0.4878048780487805,13,28,0.3170731707317073,2008
23,CHO,32-50,21-20,11-30,32,8-6,12-24,50,0.3902439024390244,21,20,0.5121951219512195,11,30,0.2682926829268293,2008
24,MIL,26-56,19-22,7-34,26,6-9,5-29,56,0.3170731707317073,19,22,0.4634146341463415,7,34,0.17073170731707318,2008
25,LAC,23-59,13-28,10-31,23,2-5,10-35,59,0.2804878048780488,13,28,0.3170731707317073,10,31,0.24390243902439024,2008
26,NYK,23-59,15-26,8-33,23,4-5,6-33,59,0.2804878048780488,15,26,0.36585365853658536,8,33,0.1951219512195122,2008
27,MEM,22-60,14-27,8-33,22,2-11,10-37,60,0.2682926829268293,14,27,0.34146341463414637,8,33,0.1951219512195122,2008
28,MIN,22-60,15-26,7-34,22,4-8,8-35,60,0.2682926829268293,15,26,0.36585365853658536,7,34,0.17073170731707318,2008
29,OKC,20-62,13-28,7-34,20,5-7,5-37,62,0.24390243902439024,13,28,0.3170731707317073,7,34,0.17073170731707318,2008
30,MIA,15-67,9-32,6-35,15,3-11,4-34,67,0.18292682926829268,9,32,0.21951219512195122,6,35,0.14634146341463414,2008
1,CLE,66-16,39-2,27-14,66,3-3,41-7,16,0.8048780487804879,39,2,0.9512195121951219,27,14,0.6585365853658537,2009
2,LAL,65-17,36-5,29-12,65,7-5,35-7,17,0.7926829268292683,36,5,0.8780487804878049,29,12,0.7073170731707317,2009
3,BOS,62-20,35-6,27-14,62,7-3,35-6,20,0.7560975609756098,35,6,0.8536585365853658,27,14,0.6585365853658537,2009
4,ORL,59-23,32-9,27-14,59,9-2,32-10,23,0.7195121951219512,32,9,0.7804878048780488,27,14,0.6585365853658537,2009
5,DEN,54-28,33-8,21-20,54,8-5,32-14,28,0.6585365853658537,33,8,0.8048780487804879,21,20,0.5121951219512195,2009
6,POR,54-28,34-7,20-21,54,9-1,31-11,28,0.6585365853658537,34,7,0.8292682926829268,20,21,0.4878048780487805,2009
7,SAS,54-28,28-13,26-15,54,12-7,26-12,28,0.6585365853658537,28,13,0.6829268292682927,26,15,0.6341463414634146,2009
8,HOU,53-29,33-8,20-21,53,5-8,29-11,29,0.6463414634146342,33,8,0.8048780487804879,20,21,0.4878048780487805,2009
9,DAL,50-32,32-9,18-23,50,10-4,28-14,32,0.6097560975609756,32,9,0.7804878048780488,18,23,0.43902439024390244,2009
10,NOP,49-33,28-13,21-20,49,8-1,23-17,33,0.5975609756097561,28,13,0.6829268292682927,21,20,0.5121951219512195,2009
11,UTA,48-34,33-8,15-26,48,1-3,26-15,34,0.5853658536585366,33,8,0.8048780487804879,15,26,0.36585365853658536,2009
12,ATL,47-35,31-10,16-25,47,5-7,18-13,35,0.573170731707317,31,10,0.7560975609756098,16,25,0.3902439024390244,2009
13,PHO,46-36,28-13,18-23,46,5-3,23-21,36,0.5609756097560976,28,13,0.6829268292682927,18,23,0.43902439024390244,2009
14,MIA,43-39,28-13,15-26,43,7-6,16-17,39,0.524390243902439,28,13,0.6829268292682927,15,26,0.36585365853658536,2009
15,CHI,41-41,28-13,13-28,41,4-8,18-19,41,0.5,28,13,0.6829268292682927,13,28,0.3170731707317073,2009
16,PHI,41-41,24-17,17-24,41,6-9,15-19,41,0.5,24,17,0.5853658536585366,17,24,0.4146341463414634,2009
17,DET,39-43,21-20,18-23,39,5-6,12-16,43,0.47560975609756095,21,20,0.5121951219512195,18,23,0.43902439024390244,2009
18,IND,36-46,25-16,11-30,36,9-12,9-15,46,0.43902439024390244,25,16,0.6097560975609756,11,30,0.2682926829268293,2009
19,CHO,35-47,23-18,12-29,35,5-5,14-18,47,0.4268292682926829,23,18,0.5609756097560976,12,29,0.2926829268292683,2009
20,MIL,34-48,22-19,12-29,34,5-3,16-21,48,0.4146341463414634,22,19,0.5365853658536586,12,29,0.2926829268292683,2009
21,BRK,34-48,19-22,15-26,34,6-8,18-24,48,0.4146341463414634,19,22,0.4634146341463415,15,26,0.36585365853658536,2009
22,TOR,33-49,18-23,15-26,33,3-4,15-24,49,0.4024390243902439,18,23,0.43902439024390244,15,26,0.36585365853658536,2009
23,NYK,32-50,20-21,12-29,32,1-4,12-20,50,0.3902439024390244,20,21,0.4878048780487805,12,29,0.2926829268292683,2009
24,GSW,29-53,21-20,8-33,29,3-6,13-25,53,0.35365853658536583,21,20,0.5121951219512195,8,33,0.1951219512195122,2009
25,MEM,24-58,16-25,8-33,24,2-4,11-38,58,0.2926829268292683,16,25,0.3902439024390244,8,33,0.1951219512195122,2009
26,MIN,24-58,11-30,13-28,24,6-8,7-27,58,0.2926829268292683,11,30,0.2682926829268293,13,28,0.3170731707317073,2009
27,OKC,23-59,15-26,8-33,23,7-9,6-34,59,0.2804878048780488,15,26,0.36585365853658536,8,33,0.1951219512195122,2009
28,LAC,19-63,11-30,8-33,19,4-8,10-41,63,0.23170731707317074,11,30,0.2682926829268293,8,33,0.1951219512195122,2009
29,WAS,19-63,13-28,6-35,19,7-5,7-35,63,0.23170731707317074,13,28,0.3170731707317073,6,35,0.14634146341463414,2009
30,SAC,17-65,11-30,6-35,17,2-14,6-33,65,0.2073170731707317,11,30,0.2682926829268293,6,35,0.14634146341463414,2009
1,CLE,61-21,35-6,26-15,61,7-8,32-5,21,0.7439024390243902,35,6,0.8536585365853658,26,15,0.6341463414634146,2010
2,ORL,59-23,34-7,25-16,59,3-4,39-6,23,0.7195121951219512,34,7,0.8292682926829268,25,16,0.6097560975609756,2010
3,LAL,57-25,34-7,23-18,57,11-7,27-13,25,0.6951219512195121,34,7,0.8292682926829268,23,18,0.5609756097560976,2010
4,DAL,55-27,28-13,27-14,55,9-2,21-14,27,0.6707317073170732,28,13,0.6829268292682927,27,14,0.6585365853658537,2010
5,PHO,54-28,32-9,22-19,54,5-4,31-10,28,0.6585365853658537,32,9,0.7804878048780488,22,19,0.5365853658536586,2010
6,ATL,53-29,34-7,19-22,53,4-6,31-9,29,0.6463414634146342,34,7,0.8292682926829268,19,22,0.4634146341463415,2010
7,DEN,53-29,34-7,19-22,53,9-4,29-13,29,0.6463414634146342,34,7,0.8292682926829268,19,22,0.4634146341463415,2010
8,UTA,53-29,32-9,21-20,53,5-3,32-14,29,0.6463414634146342,32,9,0.7804878048780488,21,20,0.5121951219512195,2010
9,BOS,50-32,24-17,26-15,50,8-6,23-10,32,0.6097560975609756,24,17,0.5853658536585366,26,15,0.6341463414634146,2010
10,OKC,50-32,27-14,23-18,50,7-11,25-9,32,0.6097560975609756,27,14,0.6585365853658537,23,18,0.5609756097560976,2010
11,POR,50-32,26-15,24-17,50,6-3,24-13,32,0.6097560975609756,26,15,0.6341463414634146,24,17,0.5853658536585366,2010
12,SAS,50-32,29-12,21-20,50,6-4,34-9,32,0.6097560975609756,29,12,0.7073170731707317,21,20,0.5121951219512195,2010
13,MIA,47-35,24-17,23-18,47,7-3,27-18,35,0.573170731707317,24,17,0.5853658536585366,23,18,0.5609756097560976,2010
14,MIL,46-36,28-13,18-23,46,7-12,19-17,36,0.5609756097560976,28,13,0.6829268292682927,18,23,0.43902439024390244,2010
15,CHO,44-38,31-10,13-28,44,9-7,21-11,38,0.5365853658536586,31,10,0.7560975609756098,13,28,0.3170731707317073,2010
16,HOU,42-40,23-18,19-22,42,5-5,17-15,40,0.5121951219512195,23,18,0.5609756097560976,19,22,0.4634146341463415,2010
17,CHI,41-41,24-17,17-24,41,7-5,15-21,41,0.5,24,17,0.5853658536585366,17,24,0.4146341463414634,2010
18,MEM,40-42,23-18,17-24,40,6-4,17-26,42,0.4878048780487805,23,18,0.5609756097560976,17,24,0.4146341463414634,2010
19,TOR,40-42,25-16,15-26,40,6-5,19-24,42,0.4878048780487805,25,16,0.6097560975609756,15,26,0.36585365853658536,2010
20,NOP,37-45,24-17,13-28,37,6-3,5-24,45,0.45121951219512196,24,17,0.5853658536585366,13,28,0.3170731707317073,2010
21,IND,32-50,23-18,9-32,32,3-5,20-28,50,0.3902439024390244,23,18,0.5609756097560976,9,32,0.21951219512195122,2010
22,LAC,29-53,21-20,8-33,29,5-3,12-35,53,0.35365853658536583,21,20,0.5121951219512195,8,33,0.1951219512195122,2010
23,NYK,29-53,18-23,11-30,29,4-6,10-28,53,0.35365853658536583,18,23,0.43902439024390244,11,30,0.2682926829268293,2010
24,DET,27-55,17-24,10-31,27,4-1,7-29,55,0.32926829268292684,17,24,0.4146341463414634,10,31,0.24390243902439024,2010
25,PHI,27-55,12-29,15-26,27,6-8,15-26,55,0.32926829268292684,12,29,0.2926829268292683,15,26,0.36585365853658536,2010
26,GSW,26-56,18-23,8-33,26,2-8,14-28,56,0.3170731707317073,18,23,0.43902439024390244,8,33,0.1951219512195122,2010
27,WAS,26-56,15-26,11-30,26,5-12,11-31,56,0.3170731707317073,15,26,0.36585365853658536,11,30,0.2682926829268293,2010
28,SAC,25-57,18-23,7-34,25,6-7,10-27,57,0.3048780487804878,18,23,0.43902439024390244,7,34,0.17073170731707318,2010
29,MIN,15-67,10-31,5-36,15,3-9,4-39,67,0.18292682926829268,10,31,0.24390243902439024,5,36,0.12195121951219512,2010
30,BRK,12-70,8-33,4-37,12,1-7,5-44,70,0.14634146341463414,8,33,0.1951219512195122,4,37,0.0975609756097561,2010
1,CHI,62-20,36-5,26-15,62,9-5,31-5,20,0.7560975609756098,36,5,0.8780487804878049,26,15,0.6341463414634146,2011
2,SAS,61-21,36-5,25-16,61,7-4,32-9,21,0.7439024390243902,36,5,0.8780487804878049,25,16,0.6097560975609756,2011
3,MIA,58-24,30-11,28-13,58,2-8,35-6,24,0.7073170731707317,30,11,0.7317073170731707,28,13,0.6829268292682927,2011
4,DAL,57-25,29-12,28-13,57,10-6,22-8,25,0.6951219512195121,29,12,0.7073170731707317,28,13,0.6829268292682927,2011
5,LAL,57-25,30-11,27-14,57,4-4,30-9,25,0.6951219512195121,30,11,0.7317073170731707,27,14,0.6585365853658537,2011
6,BOS,56-26,33-8,23-18,56,8-8,30-7,26,0.6829268292682927,33,8,0.8048780487804879,23,18,0.5609756097560976,2011
7,OKC,55-27,30-11,25-16,55,10-5,22-8,27,0.6707317073170732,30,11,0.7317073170731707,25,16,0.6097560975609756,2011
8,ORL,52-30,29-12,23-18,52,6-7,33-9,30,0.6341463414634146,29,12,0.7073170731707317,23,18,0.5609756097560976,2011
9,DEN,50-32,33-8,17-24,50,7-8,29-10,32,0.6097560975609756,33,8,0.8048780487804879,17,24,0.4146341463414634,2011
10,POR,48-34,30-11,18-23,48,7-4,19-15,34,0.5853658536585366,30,11,0.7317073170731707,18,23,0.43902439024390244,2011
11,MEM,46-36,30-11,16-25,46,9-10,23-12,36,0.5609756097560976,30,11,0.7317073170731707,16,25,0.3902439024390244,2011
12,NOP,46-36,28-13,18-23,46,8-6,16-17,36,0.5609756097560976,28,13,0.6829268292682927,18,23,0.43902439024390244,2011
13,ATL,44-38,24-17,20-21,44,7-1,21-21,38,0.5365853658536586,24,17,0.5853658536585366,20,21,0.4878048780487805,2011
14,HOU,43-39,25-16,18-23,43,7-8,21-11,39,0.524390243902439,25,16,0.6097560975609756,18,23,0.43902439024390244,2011
15,NYK,42-40,23-18,19-22,42,4-5,18-14,40,0.5121951219512195,23,18,0.5609756097560976,19,22,0.4634146341463415,2011
16,PHI,41-41,26-15,15-26,41,3-8,26-13,41,0.5,26,15,0.6341463414634146,15,26,0.36585365853658536,2011
17,PHO,40-42,23-18,17-24,40,7-6,15-18,42,0.4878048780487805,23,18,0.5609756097560976,17,24,0.4146341463414634,2011
18,UTA,39-43,21-20,18-23,39,6-4,16-24,43,0.47560975609756095,21,20,0.5121951219512195,18,23,0.43902439024390244,2011
19,IND,37-45,24-17,13-28,37,7-6,19-28,45,0.45121951219512196,24,17,0.5853658536585366,13,28,0.3170731707317073,2011
20,GSW,36-46,26-15,10-31,36,4-4,14-24,46,0.43902439024390244,26,15,0.6341463414634146,10,31,0.24390243902439024,2011
21,MIL,35-47,22-19,13-28,35,3-8,16-21,47,0.4268292682926829,22,19,0.5365853658536586,13,28,0.3170731707317073,2011
22,CHO,34-48,21-20,13-28,34,11-7,9-24,48,0.4146341463414634,21,20,0.5121951219512195,13,28,0.3170731707317073,2011
23,LAC,32-50,23-18,9-32,32,4-5,9-24,50,0.3902439024390244,23,18,0.5609756097560976,9,32,0.21951219512195122,2011
24,DET,30-52,21-20,9-32,30,3-7,13-27,52,0.36585365853658536,21,20,0.5121951219512195,9,32,0.21951219512195122,2011
25,BRK,24-58,19-22,5-36,24,7-7,4-34,58,0.2926829268292683,19,22,0.4634146341463415,5,36,0.12195121951219512,2011
26,SAC,24-58,11-30,13-28,24,8-8,7-23,58,0.2926829268292683,11,30,0.2682926829268293,13,28,0.3170731707317073,2011
27,WAS,23-59,20-21,3-38,23,8-2,7-36,59,0.2804878048780488,20,21,0.4878048780487805,3,38,0.07317073170731707,2011
28,TOR,22-60,16-25,6-35,22,2-7,8-30,60,0.2682926829268293,16,25,0.3902439024390244,6,35,0.14634146341463414,2011
29,CLE,19-63,12-29,7-34,19,2-5,2-38,63,0.23170731707317074,12,29,0.2926829268292683,7,34,0.17073170731707318,2011
30,MIN,17-65,12-29,5-36,17,3-10,11-33,65,0.2073170731707317,12,29,0.2926829268292683,5,36,0.12195121951219512,2011
1,CHI,50-16,26-7,24-9,50,5-2,31-8,16,0.7575757575757576,26,7,0.7878787878787878,24,9,0.7272727272727273,2012
2,SAS,50-16,28-5,22-11,50,5-4,31-7,16,0.7575757575757576,28,5,0.8484848484848485,22,11,0.6666666666666666,2012
3,OKC,47-19,26-7,21-12,47,5-4,27-5,19,0.7121212121212122,26,7,0.7878787878787878,21,12,0.6363636363636364,2012
4,MIA,46-20,28-5,18-15,46,6-2,29-10,20,0.696969696969697,28,5,0.8484848484848485,18,15,0.5454545454545454,2012
5,IND,42-24,23-10,19-14,42,4-3,21-12,24,0.6363636363636364,23,10,0.696969696969697,19,14,0.5757575757575758,2012
6,LAL,41-25,26-7,15-18,41,10-4,11-10,25,0.6212121212121212,26,7,0.7878787878787878,15,18,0.45454545454545453,2012
7,MEM,41-25,26-7,15-18,41,6-2,16-10,25,0.6212121212121212,26,7,0.7878787878787878,15,18,0.45454545454545453,2012
8,ATL,40-26,23-10,17-16,40,6-8,17-13,26,0.6060606060606061,23,10,0.696969696969697,17,16,0.5151515151515151,2012
9,LAC,40-26,24-9,16-17,40,7-6,17-7,26,0.6060606060606061,24,9,0.7272727272727273,16,17,0.48484848484848486,2012
10,BOS,39-27,24-9,15-18,39,6-5,19-11,27,0.5909090909090909,24,9,0.7272727272727273,15,18,0.45454545454545453,2012
11,DEN,38-28,20-13,18-15,38,6-6,18-11,28,0.5757575757575758,20,13,0.6060606060606061,18,15,0.5454545454545454,2012
12,ORL,37-29,21-12,16-17,37,2-5,18-16,29,0.5606060606060606,21,12,0.6363636363636364,16,17,0.48484848484848486,2012
13,DAL,36-30,23-10,13-20,36,7-8,16-15,30,0.5454545454545454,23,10,0.696969696969697,13,20,0.3939393939393939,2012
14,NYK,36-30,22-11,14-19,36,7-3,19-15,30,0.5454545454545454,22,11,0.6666666666666666,14,19,0.42424242424242425,2012
15,UTA,36-30,25-8,11-22,36,7-6,15-14,30,0.5454545454545454,25,8,0.7575757575757576,11,22,0.3333333333333333,2012
16,PHI,35-31,19-14,16-17,35,1-4,28-12,31,0.5303030303030303,19,14,0.5757575757575758,16,17,0.48484848484848486,2012
17,HOU,34-32,22-11,12-21,34,8-5,13-13,32,0.5151515151515151,22,11,0.6666666666666666,12,21,0.36363636363636365,2012
18,PHO,33-33,19-14,14-19,33,8-5,14-19,33,0.5,19,14,0.5757575757575758,14,19,0.42424242424242425,2012
19,MIL,31-35,17-16,14-19,31,4-6,13-12,35,0.4696969696969697,17,16,0.5151515151515151,14,19,0.42424242424242425,2012
20,POR,28-38,20-13,8-25,28,3-11,17-17,38,0.42424242424242425,20,13,0.6060606060606061,8,25,0.24242424242424243,2012
21,MIN,26-40,13-20,13-20,26,7-7,13-16,40,0.3939393939393939,13,20,0.3939393939393939,13,20,0.3939393939393939,2012
22,DET,25-41,18-15,7-26,25,7-4,12-27,41,0.3787878787878788,18,15,0.5454545454545454,7,26,0.21212121212121213,2012
23,GSW,23-43,12-21,11-22,23,5-12,7-16,43,0.3484848484848485,12,21,0.36363636363636365,11,22,0.3333333333333333,2012
24,TOR,23-43,13-20,10-23,23,1-7,12-21,43,0.3484848484848485,13,20,0.3939393939393939,10,23,0.30303030303030304,2012
25,BRK,22-44,9-24,13-20,22,6-2,8-26,44,0.3333333333333333,9,24,0.2727272727272727,13,20,0.3939393939393939,2012
26,SAC,22-44,16-17,6-27,22,6-7,6-24,44,0.3333333333333333,16,17,0.48484848484848486,6,27,0.18181818181818182,2012
27,CLE,21-45,11-22,10-23,21,5-6,9-26,45,0.3181818181818182,11,22,0.3333333333333333,10,23,0.30303030303030304,2012
28,NOP,21-45,11-22,10-23,21,4-9,6-19,45,0.3181818181818182,11,22,0.3333333333333333,10,23,0.30303030303030304,2012
29,WAS,20-46,11-22,9-24,20,6-5,11-26,46,0.30303030303030304,11,22,0.3333333333333333,9,24,0.2727272727272727,2012
30,CHO,7-59,4-29,3-30,7,2-4,2-38,59,0.10606060606060606,4,29,0.12121212121212122,3,30,0.09090909090909091,2012
1,MIA,66-16,37-4,29-12,66,9-3,39-8,16,0.8048780487804879,37,4,0.9024390243902439,29,12,0.7073170731707317,2013
2,OKC,60-22,34-7,26-15,60,3-6,44-6,22,0.7317073170731707,34,7,0.8292682926829268,26,15,0.6341463414634146,2013
3,SAS,58-24,35-6,23-18,58,9-5,31-10,24,0.7073170731707317,35,6,0.8536585365853658,23,18,0.5609756097560976,2013
4,DEN,57-25,38-3,19-22,57,11-7,28-8,25,0.6951219512195121,38,3,0.926829268292683,19,22,0.4634146341463415,2013
5,LAC,56-26,32-9,24-17,56,3-5,38-12,26,0.6829268292682927,32,9,0.7804878048780488,24,17,0.5853658536585366,2013
6,MEM,56-26,32-9,24-17,56,6-4,28-9,26,0.6829268292682927,32,9,0.7804878048780488,24,17,0.5853658536585366,2013
7,NYK,54-28,31-10,23-18,54,7-5,31-12,28,0.6585365853658537,31,10,0.7560975609756098,23,18,0.5609756097560976,2013
8,BRK,49-33,26-15,23-18,49,9-4,23-17,33,0.5975609756097561,26,15,0.6341463414634146,23,18,0.5609756097560976,2013
9,IND,49-32,30-11,19-21,49,4-9,27-14,32,0.6049382716049383,30,11,0.7317073170731707,19,21,0.475,2013
10,GSW,47-35,28-13,19-22,47,5-3,20-18,35,0.573170731707317,28,13,0.6829268292682927,19,22,0.4634146341463415,2013
11,CHI,45-37,24-17,21-20,45,11-7,16-16,37,0.5487804878048781,24,17,0.5853658536585366,21,20,0.5121951219512195,2013
12,HOU,45-37,29-12,16-25,45,5-5,26-13,37,0.5487804878048781,29,12,0.7073170731707317,16,25,0.3902439024390244,2013
13,LAL,45-37,29-12,16-25,45,8-5,18-17,37,0.5487804878048781,29,12,0.7073170731707317,16,25,0.3902439024390244,2013
14,ATL,44-38,25-16,19-22,44,5-5,19-20,38,0.5365853658536586,25,16,0.6097560975609756,19,22,0.4634146341463415,2013
15,UTA,43-39,30-11,13-28,43,5-7,19-21,39,0.524390243902439,30,11,0.7317073170731707,13,28,0.3170731707317073,2013
16,BOS,41-40,27-13,14-27,41,8-7,18-23,40,0.5061728395061729,27,13,0.675,14,27,0.34146341463414637,2013
17,DAL,41-41,24-17,17-24,41,5-8,17-19,41,0.5,24,17,0.5853658536585366,17,24,0.4146341463414634,2013
18,MIL,38-44,21-20,17-24,38,7-5,13-25,44,0.4634146341463415,21,20,0.5121951219512195,17,24,0.4146341463414634,2013
19,PHI,34-48,23-18,11-30,34,4-5,13-24,48,0.4146341463414634,23,18,0.5609756097560976,11,30,0.2682926829268293,2013
20,TOR,34-48,21-20,13-28,34,8-8,16-22,48,0.4146341463414634,21,20,0.5121951219512195,13,28,0.3170731707317073,2013
21,POR,33-49,22-19,11-30,33,9-6,13-24,49,0.4024390243902439,22,19,0.5365853658536586,11,30,0.2682926829268293,2013
22,MIN,31-51,20-21,11-30,31,3-10,15-26,51,0.3780487804878049,20,21,0.4878048780487805,11,30,0.2682926829268293,2013
23,DET,29-53,18-23,11-30,29,6-10,15-29,53,0.35365853658536583,18,23,0.43902439024390244,11,30,0.2682926829268293,2013
24,WAS,29-53,22-19,7-34,29,6-9,13-17,53,0.35365853658536583,22,19,0.5365853658536586,7,34,0.17073170731707318,2013
25,SAC,28-54,20-21,8-33,28,7-3,12-31,54,0.34146341463414637,20,21,0.4878048780487805,8,33,0.1951219512195122,2013
26,NOP,27-55,16-25,11-30,27,7-5,10-27,55,0.32926829268292684,16,25,0.3902439024390244,11,30,0.2682926829268293,2013
27,PHO,25-57,17-24,8-33,25,6-8,10-31,57,0.3048780487804878,17,24,0.4146341463414634,8,33,0.1951219512195122,2013
28,CLE,24-58,14-27,10-31,24,6-11,7-27,58,0.2926829268292683,14,27,0.34146341463414637,10,31,0.24390243902439024,2013
29,CHO,21-61,15-26,6-35,21,6-6,6-37,61,0.25609756097560976,15,26,0.36585365853658536,6,35,0.14634146341463414,2013
30,ORL,20-62,12-29,8-33,20,2-9,8-30,62,0.24390243902439024,12,29,0.2926829268292683,8,33,0.1951219512195122,2013
1,SAS,62-20,32-9,30-11,62,7-0,35-12,20,0.7560975609756098,32,9,0.7804878048780488,30,11,0.7317073170731707,2014
2,OKC,59-23,34-7,25-16,59,10-4,33-8,23,0.7195121951219512,34,7,0.8292682926829268,25,16,0.6097560975609756,2014
3,LAC,57-25,34-7,23-18,57,4-3,30-9,25,0.6951219512195121,34,7,0.8292682926829268,23,18,0.5609756097560976,2014
4,IND,56-26,35-6,21-20,56,4-3,29-17,26,0.6829268292682927,35,6,0.8536585365853658,21,20,0.5121951219512195,2014
5,HOU,54-28,33-8,21-20,54,7-6,30-9,28,0.6585365853658537,33,8,0.8048780487804879,21,20,0.5121951219512195,2014
6,MIA,54-28,32-9,22-19,54,8-7,29-10,28,0.6585365853658537,32,9,0.7804878048780488,22,19,0.5365853658536586,2014
7,POR,54-28,31-10,23-18,54,8-9,24-13,28,0.6585365853658537,31,10,0.7560975609756098,23,18,0.5609756097560976,2014
8,GSW,51-31,27-14,24-17,51,11-8,28-9,31,0.6219512195121951,27,14,0.6585365853658537,24,17,0.5853658536585366,2014
9,MEM,50-32,27-14,23-18,50,10-4,18-13,32,0.6097560975609756,27,14,0.6585365853658537,23,18,0.5609756097560976,2014
10,DAL,49-33,26-15,23-18,49,11-11,23-10,33,0.5975609756097561,26,15,0.6341463414634146,23,18,0.5609756097560976,2014
11,CHI,48-34,27-14,21-20,48,6-5,27-19,34,0.5853658536585366,27,14,0.6585365853658537,21,20,0.5121951219512195,2014
12,TOR,48-34,26-15,22-19,48,3-8,24-6,34,0.5853658536585366,26,15,0.6341463414634146,22,19,0.5365853658536586,2014
13,PHO,48-34,26-15,22-19,48,2-9,19-7,34,0.5853658536585366,26,15,0.6341463414634146,22,19,0.5365853658536586,2014
14,BRK,44-38,28-13,16-25,44,8-3,17-20,38,0.5365853658536586,28,13,0.6829268292682927,16,25,0.3902439024390244,2014
15,WAS,44-38,22-19,22-19,44,5-9,19-14,38,0.5365853658536586,22,19,0.5365853658536586,22,19,0.5365853658536586,2014
16,CHO,43-39,25-16,18-23,43,8-8,18-19,39,0.524390243902439,25,16,0.6097560975609756,18,23,0.43902439024390244,2014
17,MIN,40-42,24-17,16-25,40,5-6,26-18,42,0.4878048780487805,24,17,0.5853658536585366,16,25,0.3902439024390244,2014
18,ATL,38-44,24-17,14-27,38,8-9,15-16,44,0.4634146341463415,24,17,0.5853658536585366,14,27,0.34146341463414637,2014
19,NYK,37-45,19-22,18-23,37,3-8,19-22,45,0.45121951219512196,19,22,0.4634146341463415,18,23,0.43902439024390244,2014
20,DEN,36-46,22-19,14-27,36,8-5,16-24,46,0.43902439024390244,22,19,0.5365853658536586,14,27,0.34146341463414637,2014
21,NOP,34-48,22-19,12-29,34,7-8,10-21,48,0.4146341463414634,22,19,0.5365853658536586,12,29,0.2926829268292683,2014
22,CLE,33-49,19-22,14-27,33,7-5,13-27,49,0.4024390243902439,19,22,0.4634146341463415,14,27,0.34146341463414637,2014
23,DET,29-53,17-24,12-29,29,2-6,16-25,53,0.35365853658536583,17,24,0.4146341463414634,12,29,0.2926829268292683,2014
24,SAC,28-54,17-24,11-30,28,4-9,12-26,54,0.34146341463414637,17,24,0.4146341463414634,11,30,0.2682926829268293,2014
25,LAL,27-55,14-27,13-28,27,5-5,12-33,55,0.32926829268292684,14,27,0.34146341463414637,13,28,0.3170731707317073,2014
26,BOS,25-57,16-25,9-32,25,5-9,9-23,57,0.3048780487804878,16,25,0.3902439024390244,9,32,0.21951219512195122,2014
27,UTA,25-57,16-25,9-32,25,5-4,9-39,57,0.3048780487804878,16,25,0.3902439024390244,9,32,0.21951219512195122,2014
28,ORL,23-59,19-22,4-37,23,5-7,10-30,59,0.2804878048780488,19,22,0.4634146341463415,4,37,0.0975609756097561,2014
29,PHI,19-63,10-31,9-32,19,6-3,4-46,63,0.23170731707317074,10,31,0.24390243902439024,9,32,0.21951219512195122,2014
30,MIL,15-67,10-31,5-36,15,4-5,4-33,67,0.18292682926829268,10,31,0.24390243902439024,5,36,0.12195121951219512,2014
1,GSW,67-15,39-2,28-13,67,5-3,45-9,15,0.8170731707317073,39,2,0.9512195121951219,28,13,0.6829268292682927,2015
2,ATL,60-22,35-6,25-16,60,6-4,30-10,22,0.7317073170731707,35,6,0.8536585365853658,25,16,0.6097560975609756,2015
3,HOU,56-26,30-11,26-15,56,8-4,31-14,26,0.6829268292682927,30,11,0.7317073170731707,26,15,0.6341463414634146,2015
4,LAC,56-26,30-11,26-15,56,3-5,33-9,26,0.6829268292682927,30,11,0.7317073170731707,26,15,0.6341463414634146,2015
5,MEM,55-27,31-10,24-17,55,9-3,26-13,27,0.6707317073170732,31,10,0.7560975609756098,24,17,0.5853658536585366,2015
6,SAS,55-27,33-8,22-19,55,6-7,34-7,27,0.6707317073170732,33,8,0.8048780487804879,22,19,0.5365853658536586,2015
7,CLE,53-29,31-10,22-19,53,6-4,30-14,29,0.6463414634146342,31,10,0.7560975609756098,22,19,0.5365853658536586,2015
8,POR,51-31,32-9,19-22,51,5-1,30-11,31,0.6219512195121951,32,9,0.7804878048780488,19,22,0.4634146341463415,2015
9,CHI,50-32,27-14,23-18,50,7-2,20-16,32,0.6097560975609756,27,14,0.6585365853658537,23,18,0.5609756097560976,2015
10,DAL,50-32,27-14,23-18,50,5-4,22-18,32,0.6097560975609756,27,14,0.6585365853658537,23,18,0.5609756097560976,2015
11,TOR,49-33,27-14,22-19,49,6-5,29-11,33,0.5975609756097561,27,14,0.6585365853658537,22,19,0.5365853658536586,2015
12,WAS,46-36,29-12,17-24,46,9-4,21-14,36,0.5609756097560976,29,12,0.7073170731707317,17,24,0.4146341463414634,2015
13,NOP,45-37,28-13,17-24,45,10-4,19-14,37,0.5487804878048781,28,13,0.6829268292682927,17,24,0.4146341463414634,2015
14,OKC,45-37,29-12,16-25,45,4-8,26-14,37,0.5487804878048781,29,12,0.7073170731707317,16,25,0.3902439024390244,2015
15,MIL,41-41,23-18,18-23,41,5-9,17-16,41,0.5,23,18,0.5609756097560976,18,23,0.43902439024390244,2015
16,BOS,40-42,21-20,19-22,40,8-6,17-14,42,0.4878048780487805,21,20,0.5121951219512195,19,22,0.4634146341463415,2015
17,PHO,39-43,22-19,17-24,39,4-12,14-19,43,0.47560975609756095,22,19,0.5365853658536586,17,24,0.4146341463414634,2015
18,BRK,38-44,19-22,19-22,38,10-2,15-23,44,0.4634146341463415,19,22,0.4634146341463415,19,22,0.4634146341463415,2015
19,IND,38-44,23-18,15-26,38,4-12,19-20,44,0.4634146341463415,23,18,0.5609756097560976,15,26,0.36585365853658536,2015
20,UTA,38-44,21-20,17-24,38,5-10,18-19,44,0.4634146341463415,21,20,0.5121951219512195,17,24,0.4146341463414634,2015
21,MIA,37-45,20-21,17-24,37,4-10,15-28,45,0.45121951219512196,20,21,0.4878048780487805,17,24,0.4146341463414634,2015
22,CHO,33-49,19-22,14-27,33,6-8,13-22,49,0.4024390243902439,19,22,0.4634146341463415,14,27,0.34146341463414637,2015
23,DET,32-50,18-23,14-27,32,7-6,19-25,50,0.3902439024390244,18,23,0.43902439024390244,14,27,0.34146341463414637,2015
24,DEN,30-52,19-22,11-30,30,4-4,17-28,52,0.36585365853658536,19,22,0.4634146341463415,11,30,0.2682926829268293,2015
25,SAC,29-53,18-23,11-30,29,6-4,12-28,53,0.35365853658536583,18,23,0.43902439024390244,11,30,0.2682926829268293,2015
26,ORL,25-57,13-28,12-29,25,6-8,4-27,57,0.3048780487804878,13,28,0.3170731707317073,12,29,0.2926829268292683,2015
27,LAL,21-61,12-29,9-32,21,6-6,5-30,61,0.25609756097560976,12,29,0.2926829268292683,9,32,0.21951219512195122,2015
28,PHI,18-64,12-29,6-35,18,3-7,5-41,64,0.21951219512195122,12,29,0.2926829268292683,6,35,0.14634146341463414,2015
29,NYK,17-65,10-31,7-34,17,2-7,3-39,65,0.2073170731707317,10,31,0.24390243902439024,7,34,0.17073170731707318,2015
30,MIN,16-66,9-32,7-34,16,6-6,4-40,66,0.1951219512195122,9,32,0.21951219512195122,7,34,0.17073170731707318,2015
1,GSW,73-9,39-2,34-7,73,7-2,44-5,9,0.8902439024390244,39,2,0.9512195121951219,34,7,0.8292682926829268,2016
2,SAS,67-15,40-1,27-14,67,4-4,44-6,15,0.8170731707317073,40,1,0.975609756097561,27,14,0.6585365853658537,2016
3,CLE,57-25,33-8,24-17,57,4-7,32-8,25,0.6951219512195121,33,8,0.8048780487804879,24,17,0.5853658536585366,2016
4,TOR,56-26,32-9,24-17,56,6-6,28-10,26,0.6829268292682927,32,9,0.7804878048780488,24,17,0.5853658536585366,2016
5,OKC,55-27,32-9,23-18,55,8-6,33-5,27,0.6707317073170732,32,9,0.7804878048780488,23,18,0.5609756097560976,2016
6,LAC,53-29,29-12,24-17,53,8-4,28-15,29,0.6463414634146342,29,12,0.7073170731707317,24,17,0.5853658536585366,2016
7,ATL,48-34,27-14,21-20,48,5-7,29-17,34,0.5853658536585366,27,14,0.6585365853658537,21,20,0.5121951219512195,2016
8,BOS,48-34,28-13,20-21,48,5-7,26-13,34,0.5853658536585366,28,13,0.6829268292682927,20,21,0.4878048780487805,2016
9,CHO,48-34,30-11,18-23,48,6-5,25-17,34,0.5853658536585366,30,11,0.7317073170731707,18,23,0.43902439024390244,2016
10,MIA,48-34,28-13,20-21,48,7-5,24-20,34,0.5853658536585366,28,13,0.6829268292682927,20,21,0.4878048780487805,2016
11,IND,45-37,26-15,19-22,45,9-9,21-13,37,0.5487804878048781,26,15,0.6341463414634146,19,22,0.4634146341463415,2016
12,DET,44-38,26-15,18-23,44,6-5,21-20,38,0.5365853658536586,26,15,0.6341463414634146,18,23,0.43902439024390244,2016
13,POR,44-38,28-13,16-25,44,2-7,23-21,38,0.5365853658536586,28,13,0.6829268292682927,16,25,0.3902439024390244,2016
14,DAL,42-40,23-18,19-22,42,6-11,19-18,40,0.5121951219512195,23,18,0.5609756097560976,19,22,0.4634146341463415,2016
15,MEM,42-40,26-15,16-25,42,8-3,15-23,40,0.5121951219512195,26,15,0.6341463414634146,16,25,0.3902439024390244,2016
16,CHI,42-40,26-15,16-25,42,10-4,14-19,40,0.5121951219512195,26,15,0.6341463414634146,16,25,0.3902439024390244,2016
17,HOU,41-41,23-18,18-23,41,5-8,14-18,41,0.5,23,18,0.5609756097560976,18,23,0.43902439024390244,2016
18,WAS,41-41,22-19,19-22,41,7-6,22-22,41,0.5,22,19,0.5365853658536586,19,22,0.4634146341463415,2016
19,UTA,40-42,24-17,16-25,40,6-8,23-13,42,0.4878048780487805,24,17,0.5853658536585366,16,25,0.3902439024390244,2016
20,ORL,35-47,23-18,12-29,35,6-10,12-20,47,0.4268292682926829,23,18,0.5609756097560976,12,29,0.2926829268292683,2016
21,DEN,33-49,18-23,15-26,33,10-5,11-21,49,0.4024390243902439,18,23,0.43902439024390244,15,26,0.36585365853658536,2016
22,MIL,33-49,23-18,10-31,33,6-4,12-27,49,0.4024390243902439,23,18,0.5609756097560976,10,31,0.24390243902439024,2016
23,SAC,33-49,18-23,15-26,33,8-4,11-19,49,0.4024390243902439,18,23,0.43902439024390244,15,26,0.36585365853658536,2016
24,NYK,32-50,18-23,14-27,32,4-7,14-23,50,0.3902439024390244,18,23,0.43902439024390244,14,27,0.34146341463414637,2016
25,NOP,30-52,21-20,9-32,30,5-5,11-23,52,0.36585365853658536,21,20,0.5121951219512195,9,32,0.21951219512195122,2016
26,MIN,29-53,14-27,15-26,29,7-7,9-23,53,0.35365853658536583,14,27,0.34146341463414637,15,26,0.36585365853658536,2016
27,PHO,23-59,14-27,9-32,23,4-5,10-32,59,0.2804878048780488,14,27,0.34146341463414637,9,32,0.21951219512195122,2016
28,BRK,21-61,14-27,7-34,21,7-4,6-34,61,0.25609756097560976,14,27,0.34146341463414637,7,34,0.17073170731707318,2016
29,LAL,17-65,12-29,5-36,17,2-7,4-44,65,0.2073170731707317,12,29,0.2926829268292683,5,36,0.12195121951219512,2016
30,PHI,10-72,7-34,3-38,10,0-6,5-41,72,0.12195121951219512,7,34,0.17073170731707318,3,38,0.07317073170731707,2016
1,GSW,67-15,36-5,31-10,67,3-4,48-6,15,0.8170731707317073,36,5,0.8780487804878049,31,10,0.7560975609756098,2017
2,SAS,61-21,31-10,30-11,61,8-5,30-8,21,0.7439024390243902,31,10,0.7560975609756098,30,11,0.7317073170731707,2017
3,HOU,55-27,30-11,25-16,55,8-3,30-11,27,0.6707317073170732,30,11,0.7317073170731707,25,16,0.6097560975609756,2017
4,BOS,53-29,30-11,23-18,53,7-6,17-11,29,0.6463414634146342,30,11,0.7317073170731707,23,18,0.5609756097560976,2017
5,CLE,51-31,31-10,20-21,51,3-4,25-15,31,0.6219512195121951,31,10,0.7560975609756098,20,21,0.4878048780487805,2017
6,LAC,51-31,29-12,22-19,51,3-6,33-14,31,0.6219512195121951,29,12,0.7073170731707317,22,19,0.5365853658536586,2017
7,TOR,51-31,28-13,23-18,51,8-7,26-8,31,0.6219512195121951,28,13,0.6829268292682927,23,18,0.5609756097560976,2017
8,UTA,51-31,29-12,22-19,51,4-4,23-10,31,0.6219512195121951,29,12,0.7073170731707317,22,19,0.5365853658536586,2017
9,WAS,49-33,30-11,19-22,49,9-6,18-12,33,0.5975609756097561,30,11,0.7317073170731707,19,22,0.4634146341463415,2017
10,OKC,47-35,28-13,19-22,47,12-7,23-21,35,0.573170731707317,28,13,0.6829268292682927,19,22,0.4634146341463415,2017
11,ATL,43-39,23-18,20-21,43,7-8,17-21,39,0.524390243902439,23,18,0.5609756097560976,20,21,0.4878048780487805,2017
12,MEM,43-39,24-17,19-22,43,7-5,17-20,39,0.524390243902439,24,17,0.5853658536585366,19,22,0.4634146341463415,2017
13,IND,42-40,29-12,13-28,42,4-2,23-19,40,0.5121951219512195,29,12,0.7073170731707317,13,28,0.3170731707317073,2017
14,MIL,42-40,23-18,19-22,42,8-2,21-22,40,0.5121951219512195,23,18,0.5609756097560976,19,22,0.4634146341463415,2017
15,CHI,41-41,25-16,16-25,41,5-6,17-23,41,0.5,25,16,0.6097560975609756,16,25,0.3902439024390244,2017
16,POR,41-41,25-16,16-25,41,7-11,18-16,41,0.5,25,16,0.6097560975609756,16,25,0.3902439024390244,2017
17,MIA,41-41,23-18,18-23,41,8-6,19-13,41,0.5,23,18,0.5609756097560976,18,23,0.43902439024390244,2017
18,DEN,40-42,22-19,18-23,40,5-10,24-19,42,0.4878048780487805,22,19,0.5365853658536586,18,23,0.43902439024390244,2017
19,DET,37-45,24-17,13-28,37,5-7,23-26,45,0.45121951219512196,24,17,0.5853658536585366,13,28,0.3170731707317073,2017
20,CHO,36-46,22-19,14-27,36,0-9,19-18,46,0.43902439024390244,22,19,0.5365853658536586,14,27,0.34146341463414637,2017
21,NOP,34-48,21-20,13-28,34,7-6,17-22,48,0.4146341463414634,21,20,0.5121951219512195,13,28,0.3170731707317073,2017
22,DAL,33-49,21-20,12-29,33,4-6,14-26,49,0.4024390243902439,21,20,0.5121951219512195,12,29,0.2926829268292683,2017
23,SAC,32-50,17-24,15-26,32,10-6,9-27,50,0.3902439024390244,17,24,0.4146341463414634,15,26,0.36585365853658536,2017
24,MIN,31-51,20-21,11-30,31,7-10,18-19,51,0.3780487804878049,20,21,0.4878048780487805,11,30,0.2682926829268293,2017
25,NYK,31-51,19-22,12-29,31,7-10,10-25,51,0.3780487804878049,19,22,0.4634146341463415,12,29,0.2926829268292683,2017
26,ORL,29-53,16-25,13-28,29,5-5,10-32,53,0.35365853658536583,16,25,0.3902439024390244,13,28,0.3170731707317073,2017
27,PHI,28-54,17-24,11-30,28,9-8,7-29,54,0.34146341463414637,17,24,0.4146341463414634,11,30,0.2682926829268293,2017
28,LAL,26-56,17-24,9-32,26,2-4,14-31,56,0.3170731707317073,17,24,0.4146341463414634,9,32,0.21951219512195122,2017
29,PHO,24-58,15-26,9-32,24,9-5,7-32,58,0.2926829268292683,15,26,0.36585365853658536,9,32,0.21951219512195122,2017
30,BRK,20-62,13-28,7-34,20,3-6,9-30,62,0.24390243902439024,13,28,0.3170731707317073,7,34,0.17073170731707318,2017
1,HOU,65-17,34-7,31-10,65,5-3,38-8,17,0.7926829268292683,34,7,0.8292682926829268,31,10,0.7560975609756098,2018
2,TOR,59-23,34-7,25-16,59,5-7,33-5,23,0.7195121951219512,34,7,0.8292682926829268,25,16,0.6097560975609756,2018
3,GSW,58-24,29-12,29-12,58,5-1,38-13,24,0.7073170731707317,29,12,0.7073170731707317,29,12,0.7073170731707317,2018
4,BOS,55-27,27-14,28-13,55,11-8,25-9,27,0.6707317073170732,27,14,0.6585365853658537,28,13,0.6829268292682927,2018
5,PHI,52-30,30-11,22-19,52,4-7,31-11,30,0.6341463414634146,30,11,0.7317073170731707,22,19,0.5365853658536586,2018
6,CLE,50-32,29-12,21-20,50,8-5,17-20,32,0.6097560975609756,29,12,0.7073170731707317,21,20,0.5121951219512195,2018
7,POR,49-33,28-13,21-20,49,8-8,20-12,33,0.5975609756097561,28,13,0.6829268292682927,21,20,0.5121951219512195,2018
8,IND,48-34,27-14,21-20,48,11-2,20-16,34,0.5853658536585366,27,14,0.6585365853658537,21,20,0.5121951219512195,2018
9,NOP,48-34,24-17,24-17,48,7-3,19-16,34,0.5853658536585366,24,17,0.5853658536585366,24,17,0.5853658536585366,2018
10,OKC,48-34,27-14,21-20,48,8-10,24-11,34,0.5853658536585366,27,14,0.6585365853658537,21,20,0.5121951219512195,2018
11,UTA,48-34,28-13,20-21,48,4-5,31-19,34,0.5853658536585366,28,13,0.6829268292682927,20,21,0.4878048780487805,2018
12,MIN,47-35,30-11,17-24,47,7-7,25-12,35,0.573170731707317,30,11,0.7317073170731707,17,24,0.4146341463414634,2018
13,SAS,47-35,33-8,14-27,47,8-10,25-17,35,0.573170731707317,33,8,0.8048780487804879,14,27,0.34146341463414637,2018
14,DEN,46-36,31-10,15-26,46,10-5,21-15,36,0.5609756097560976,31,10,0.7560975609756098,15,26,0.36585365853658536,2018
15,MIA,44-38,26-15,18-23,44,9-9,16-13,38,0.5365853658536586,26,15,0.6341463414634146,18,23,0.43902439024390244,2018
16,MIL,44-38,25-16,19-22,44,7-4,14-16,38,0.5365853658536586,25,16,0.6097560975609756,19,22,0.4634146341463415,2018
17,WAS,43-39,23-18,20-21,43,5-7,22-12,39,0.524390243902439,23,18,0.5609756097560976,20,21,0.4878048780487805,2018
18,LAC,42-40,22-19,20-21,42,8-2,22-19,40,0.5121951219512195,22,19,0.5365853658536586,20,21,0.4878048780487805,2018
19,DET,39-43,25-16,14-27,39,4-7,19-23,43,0.47560975609756095,25,16,0.6097560975609756,14,27,0.34146341463414637,2018
20,CHO,36-46,21-20,15-26,36,1-5,23-23,46,0.43902439024390244,21,20,0.5121951219512195,15,26,0.36585365853658536,2018
21,LAL,35-47,20-21,15-26,35,6-7,18-21,47,0.4268292682926829,20,21,0.4878048780487805,15,26,0.36585365853658536,2018
22,NYK,29-53,19-22,10-31,29,2-7,15-30,53,0.35365853658536583,19,22,0.4634146341463415,10,31,0.24390243902439024,2018
23,BRK,28-54,15-26,13-28,28,5-7,9-27,54,0.34146341463414637,15,26,0.36585365853658536,13,28,0.3170731707317073,2018
24,CHI,27-55,17-24,10-31,27,9-5,6-30,55,0.32926829268292684,17,24,0.4146341463414634,10,31,0.24390243902439024,2018
25,SAC,27-55,14-27,13-28,27,6-5,5-32,55,0.32926829268292684,14,27,0.34146341463414637,13,28,0.3170731707317073,2018
26,ORL,25-57,17-24,8-33,25,3-5,10-27,57,0.3048780487804878,17,24,0.4146341463414634,8,33,0.1951219512195122,2018
27,ATL,24-58,16-25,8-33,24,6-8,8-35,58,0.2926829268292683,16,25,0.3902439024390244,8,33,0.1951219512195122,2018
28,DAL,24-58,15-26,9-32,24,2-9,11-20,58,0.2926829268292683,15,26,0.36585365853658536,9,32,0.21951219512195122,2018
29,MEM,22-60,16-25,6-35,22,5-12,8-26,60,0.2682926829268293,16,25,0.3902439024390244,6,35,0.14634146341463414,2018
30,PHO,21-61,10-31,11-30,21,6-5,5-40,61,0.25609756097560976,10,31,0.24390243902439024,11,30,0.2682926829268293,2018
1,MIL,60-22,33-8,27-14,60,5-6,45-5,22,0.7317073170731707,33,8,0.8048780487804879,27,14,0.6585365853658537,2019
2,TOR,58-24,32-9,26-15,58,11-7,33-9,24,0.7073170731707317,32,9,0.7804878048780488,26,15,0.6341463414634146,2019
3,GSW,57-25,30-11,27-14,57,7-7,34-10,25,0.6951219512195121,30,11,0.7317073170731707,27,14,0.6585365853658537,2019
4,DEN,54-28,34-7,20-21,54,13-3,23-11,28,0.6585365853658537,34,7,0.8292682926829268,20,21,0.4878048780487805,2019
5,HOU,53-29,31-10,22-19,53,5-7,29-12,29,0.6463414634146342,31,10,0.7560975609756098,22,19,0.5365853658536586,2019
6,POR,53-29,32-9,21-20,53,4-6,29-8,29,0.6463414634146342,32,9,0.7804878048780488,21,20,0.5121951219512195,2019
7,PHI,51-31,31-10,20-21,51,10-8,22-16,31,0.6219512195121951,31,10,0.7560975609756098,20,21,0.4878048780487805,2019
8,UTA,50-32,29-12,21-20,50,0-7,34-12,32,0.6097560975609756,29,12,0.7073170731707317,21,20,0.5121951219512195,2019
9,BOS,49-33,28-13,21-20,49,5-6,24-12,33,0.5975609756097561,28,13,0.6829268292682927,21,20,0.5121951219512195,2019
10,OKC,49-33,27-14,22-19,49,6-7,23-12,33,0.5975609756097561,27,14,0.6585365853658537,22,19,0.5365853658536586,2019
11,IND,48-34,29-12,19-22,48,6-6,23-16,34,0.5853658536585366,29,12,0.7073170731707317,19,22,0.4634146341463415,2019
12,LAC,48-34,26-15,22-19,48,6-2,23-18,34,0.5853658536585366,26,15,0.6341463414634146,22,19,0.5365853658536586,2019
13,SAS,48-34,32-9,16-25,48,7-4,25-16,34,0.5853658536585366,32,9,0.7804878048780488,16,25,0.3902439024390244,2019
14,BRK,42-40,23-18,19-22,42,12-8,16-22,40,0.5121951219512195,23,18,0.5609756097560976,19,22,0.4634146341463415,2019
15,ORL,42-40,25-16,17-24,42,5-6,21-21,40,0.5121951219512195,25,16,0.6097560975609756,17,24,0.4146341463414634,2019
16,DET,41-41,26-15,15-26,41,6-9,16-21,41,0.5,26,15,0.6341463414634146,15,26,0.36585365853658536,2019
17,CHO,39-43,25-16,14-27,39,6-10,21-20,43,0.47560975609756095,25,16,0.6097560975609756,14,27,0.34146341463414637,2019
18,MIA,39-43,19-22,20-21,39,6-9,16-20,43,0.47560975609756095,19,22,0.4634146341463415,20,21,0.4878048780487805,2019
19,SAC,39-43,24-17,15-26,39,6-7,16-18,43,0.47560975609756095,24,17,0.5853658536585366,15,26,0.36585365853658536,2019
20,LAL,37-45,22-19,15-26,37,5-4,16-25,45,0.45121951219512196,22,19,0.5365853658536586,15,26,0.36585365853658536,2019
21,MIN,36-46,25-16,11-30,36,8-5,19-22,46,0.43902439024390244,25,16,0.6097560975609756,11,30,0.2682926829268293,2019
22,DAL,33-49,24-17,9-32,33,7-7,12-22,49,0.4024390243902439,24,17,0.5853658536585366,9,32,0.21951219512195122,2019
23,MEM,33-49,21-20,12-29,33,6-9,14-19,49,0.4024390243902439,21,20,0.5121951219512195,12,29,0.2926829268292683,2019
24,NOP,33-49,19-22,14-27,33,4-6,15-20,49,0.4024390243902439,19,22,0.4634146341463415,14,27,0.34146341463414637,2019
25,WAS,32-50,22-19,10-31,32,5-6,14-23,50,0.3902439024390244,22,19,0.5365853658536586,10,31,0.24390243902439024,2019
26,ATL,29-53,17-24,12-29,29,9-6,7-31,53,0.35365853658536583,17,24,0.4146341463414634,12,29,0.2926829268292683,2019
27,CHI,22-60,9-32,13-28,22,8-8,9-31,60,0.2682926829268293,9,32,0.21951219512195122,13,28,0.3170731707317073,2019
28,CLE,19-63,13-28,6-35,19,5-4,6-43,63,0.23170731707317074,13,28,0.3170731707317073,6,35,0.14634146341463414,2019
29,PHO,19-63,12-29,7-34,19,5-5,5-40,63,0.23170731707317074,12,29,0.2926829268292683,7,34,0.17073170731707318,2019
30,NYK,17-65,9-32,8-33,17,4-7,6-41,65,0.2073170731707317,9,32,0.21951219512195122,8,33,0.1951219512195122,2019
1,MIL,56-17,30-5,26-12,56,3-2,38-8,17,0.7671232876712328,30,5,0.8571428571428571,26,12,0.6842105263157895,2020
2,TOR,53-19,26-10,27-9,53,6-4,23-10,19,0.7361111111111112,26,10,0.7222222222222222,27,9,0.75,2020
3,LAL,52-19,25-10,27-9,52,7-3,25-11,19,0.7323943661971831,25,10,0.7142857142857143,27,9,0.75,2020
4,LAC,49-23,27-9,22-14,49,8-3,32-8,23,0.6805555555555556,27,9,0.75,22,14,0.6111111111111112,2020
5,BOS,48-24,26-10,22-14,48,6-5,29-7,24,0.6666666666666666,26,10,0.7222222222222222,22,14,0.6111111111111112,2020
6,DEN,46-27,26-11,20-16,46,9-5,16-13,27,0.6301369863013698,26,11,0.7027027027027027,20,16,0.5555555555555556,2020
7,IND,45-28,25-11,20-17,45,5-7,20-12,28,0.6164383561643836,25,11,0.6944444444444444,20,17,0.5405405405405406,2020
8,HOU,44-28,24-12,20-16,44,4-5,22-14,28,0.6111111111111112,24,12,0.6666666666666666,20,16,0.5555555555555556,2020
9,MIA,44-29,29-7,15-22,44,6-4,23-11,29,0.6027397260273972,29,7,0.8055555555555556,15,22,0.40540540540540543,2020
10,OKC,44-28,23-14,21-14,44,8-6,18-10,28,0.6111111111111112,23,14,0.6216216216216216,21,14,0.6,2020
11,UTA,44-28,23-12,21-16,44,7-5,18-11,28,0.6111111111111112,23,12,0.6571428571428571,21,16,0.5675675675675675,2020
12,DAL,43-32,20-18,23-14,43,2-11,23-9,32,0.5733333333333334,20,18,0.5263157894736842,23,14,0.6216216216216216,2020
13,PHI,43-30,31-4,12-26,43,6-5,19-15,30,0.589041095890411,31,4,0.8857142857142857,12,26,0.3157894736842105,2020
14,BRK,35-37,20-16,15-21,35,7-7,17-19,37,0.4861111111111111,20,16,0.5555555555555556,15,21,0.4166666666666667,2020
15,POR,35-39,21-15,14-24,35,9-3,17-18,39,0.47297297297297297,21,15,0.5833333333333334,14,24,0.3684210526315789,2020
16,MEM,34-39,20-17,14-22,34,3-4,18-21,39,0.4657534246575342,20,17,0.5405405405405406,14,22,0.3888888888888889,2020
17,PHO,34-39,17-22,17-17,34,4-8,15-18,39,0.4657534246575342,17,22,0.4358974358974359,17,17,0.5,2020
18,ORL,33-40,18-17,15-23,33,5-5,18-20,40,0.4520547945205479,18,17,0.5142857142857142,15,23,0.39473684210526316,2020
19,SAS,32-39,19-15,13-24,32,10-7,10-12,39,0.4507042253521127,19,15,0.5588235294117647,13,24,0.35135135135135137,2020
20,SAC,31-41,16-19,15-22,31,6-8,12-18,41,0.4305555555555556,16,19,0.45714285714285713,15,22,0.40540540540540543,2020
21,NOP,30-42,15-21,15-21,30,2-6,18-15,42,0.4166666666666667,15,21,0.4166666666666667,15,21,0.4166666666666667,2020
22,WAS,25-47,16-20,9-27,25,1-4,12-25,47,0.3472222222222222,16,20,0.4444444444444444,9,27,0.25,2020
23,CHO,23-42,10-21,13-21,23,9-8,5-25,42,0.35384615384615387,10,21,0.3225806451612903,13,21,0.38235294117647056,2020
24,CHI,22-43,14-20,8-23,22,6-6,7-19,43,0.3384615384615385,14,20,0.4117647058823529,8,23,0.25806451612903225,2020
25,NYK,21-45,11-22,10-23,21,7-6,8-21,45,0.3181818181818182,11,22,0.3333333333333333,10,23,0.30303030303030304,2020
26,ATL,20-47,14-20,6-27,20,1-5,8-29,47,0.29850746268656714,14,20,0.4117647058823529,6,27,0.18181818181818182,2020
27,DET,20-46,11-22,9-24,20,4-6,9-26,46,0.30303030303030304,11,22,0.3333333333333333,9,24,0.2727272727272727,2020
28,CLE,19-46,11-25,8-21,19,5-5,6-28,46,0.2923076923076923,11,25,0.3055555555555556,8,21,0.27586206896551724,2020
29,MIN,19-45,8-24,11-21,19,3-4,10-21,45,0.296875,8,24,0.25,11,21,0.34375,2020
30,GSW,15-50,8-26,7-24,15,1-3,8-30,50,0.23076923076923078,8,26,0.23529411764705882,7,24,0.22580645161290322,2020
1,UTA,52-20,31-5,21-15,52,3-2,39-7,20,0.7222222222222222,31,5,0.8611111111111112,21,15,0.5833333333333334,2021
2,PHO,51-21,27-9,24-12,51,9-3,23-8,21,0.7083333333333334,27,9,0.75,24,12,0.6666666666666666,2021
3,PHI,49-23,29-7,20-16,49,7-3,27-12,23,0.6805555555555556,29,7,0.8055555555555556,20,16,0.5555555555555556,2021
4,BRK,48-24,28-8,20-16,48,3-5,24-11,24,0.6666666666666666,28,8,0.7777777777777778,20,16,0.5555555555555556,2021
5,DEN,47-25,25-11,22-14,47,6-4,29-11,25,0.6527777777777778,25,11,0.6944444444444444,22,14,0.6111111111111112,2021
6,LAC,47-25,26-10,21-15,47,3-4,31-7,25,0.6527777777777778,26,10,0.7222222222222222,21,15,0.5833333333333334,2021
7,MIL,46-26,26-10,20-16,46,6-5,29-12,26,0.6388888888888888,26,10,0.7222222222222222,20,16,0.5555555555555556,2021
8,DAL,42-30,21-15,21-15,42,5-4,26-17,30,0.5833333333333334,21,15,0.5833333333333334,21,15,0.5833333333333334,2021
9,LAL,42-30,21-15,21-15,42,7-5,22-13,30,0.5833333333333334,21,15,0.5833333333333334,21,15,0.5833333333333334,2021
10,POR,42-30,20-16,22-14,42,10-9,19-12,30,0.5833333333333334,20,16,0.5555555555555556,22,14,0.6111111111111112,2021
11,ATL,41-31,25-11,16-20,41,3-3,25-15,31,0.5694444444444444,25,11,0.6944444444444444,16,20,0.4444444444444444,2021
12,NYK,41-31,25-11,16-20,41,2-9,24-15,31,0.5694444444444444,25,11,0.6944444444444444,16,20,0.4444444444444444,2021
13,MIA,40-32,21-15,19-17,40,4-5,17-17,32,0.5555555555555556,21,15,0.5833333333333334,19,17,0.5277777777777778,2021
14,GSW,39-33,25-11,14-22,39,6-4,25-18,33,0.5416666666666666,25,11,0.6944444444444444,14,22,0.3888888888888889,2021
15,MEM,38-34,18-18,20-16,38,3-7,23-21,34,0.5277777777777778,18,18,0.5,20,16,0.5555555555555556,2021
16,BOS,36-36,21-15,15-21,36,7-5,17-12,36,0.5,21,15,0.5833333333333334,15,21,0.4166666666666667,2021
17,WAS,34-38,19-17,15-21,34,11-8,14-20,38,0.4722222222222222,19,17,0.5277777777777778,15,21,0.4166666666666667,2021
18,IND,34-38,13-23,21-15,34,5-4,15-17,38,0.4722222222222222,13,23,0.3611111111111111,21,15,0.5833333333333334,2021
19,CHO,33-39,18-18,15-21,33,9-4,14-24,39,0.4583333333333333,18,18,0.5,15,21,0.4166666666666667,2021
20,SAS,33-39,14-22,19-17,33,7-8,18-20,39,0.4583333333333333,14,22,0.3888888888888889,19,17,0.5277777777777778,2021
21,CHI,31-41,15-21,16-20,31,3-5,16-20,41,0.4305555555555556,15,21,0.4166666666666667,16,20,0.4444444444444444,2021
22,NOP,31-41,18-18,13-23,31,3-10,13-21,41,0.4305555555555556,18,18,0.5,13,23,0.3611111111111111,2021
23,SAC,31-41,16-20,15-21,31,10-5,12-22,41,0.4305555555555556,16,20,0.4444444444444444,15,21,0.4166666666666667,2021
24,TOR,27-45,16-20,11-25,27,3-6,17-19,45,0.375,16,20,0.4444444444444444,11,25,0.3055555555555556,2021
25,MIN,23-49,13-23,10-26,23,4-6,9-25,49,0.3194444444444444,13,23,0.3611111111111111,10,26,0.2777777777777778,2021
26,CLE,22-50,13-23,9-27,22,4-2,11-37,50,0.3055555555555556,13,23,0.3611111111111111,9,27,0.25,2021
27,OKC,22-50,10-26,12-24,22,7-5,5-36,50,0.3055555555555556,10,26,0.2777777777777778,12,24,0.3333333333333333,2021
28,ORL,21-51,11-25,10-26,21,3-5,6-35,51,0.2916666666666667,11,25,0.3055555555555556,10,26,0.2777777777777778,2021
29,DET,20-52,13-23,7-29,20,1-8,14-31,52,0.2777777777777778,13,23,0.3611111111111111,7,29,0.19444444444444445,2021
30,HOU,17-55,9-27,8-28,17,3-4,8-37,55,0.2361111111111111,9,27,0.25,8,28,0.2222222222222222,2021
1,PHO,64-18,32-9,32-9,64,6-2,37-9,18,0.7804878048780488,32,9,0.7804878048780488,32,9,0.7804878048780488,2022
2,MEM,56-26,30-11,26-15,56,5-3,33-17,26,0.6829268292682927,30,11,0.7317073170731707,26,15,0.6341463414634146,2022
3,GSW,53-29,31-10,22-19,53,6-5,34-10,29,0.6463414634146342,31,10,0.7560975609756098,22,19,0.5365853658536586,2022
4,MIA,53-29,29-12,24-17,53,3-6,31-15,29,0.6463414634146342,29,12,0.7073170731707317,24,17,0.5853658536585366,2022
5,DAL,52-30,29-12,23-18,52,7-5,27-14,30,0.6341463414634146,29,12,0.7073170731707317,23,18,0.5609756097560976,2022
6,BOS,51-31,28-13,23-18,51,3-9,35-9,31,0.6219512195121951,28,13,0.6829268292682927,23,18,0.5609756097560976,2022
7,MIL,51-31,27-14,24-17,51,4-2,31-15,31,0.6219512195121951,27,14,0.6585365853658537,24,17,0.5853658536585366,2022
8,PHI,51-31,24-17,27-14,51,6-6,28-11,31,0.6219512195121951,24,17,0.5853658536585366,27,14,0.6585365853658537,2022
9,UTA,49-33,29-12,20-21,49,1-6,34-10,33,0.5975609756097561,29,12,0.7073170731707317,20,21,0.4878048780487805,2022
10,DEN,48-34,23-18,25-16,48,8-3,23-20,34,0.5853658536585366,23,18,0.5609756097560976,25,16,0.6097560975609756,2022
11,TOR,48-34,24-17,24-17,48,7-6,25-14,34,0.5853658536585366,24,17,0.5853658536585366,24,17,0.5853658536585366,2022
12,CHI,46-36,27-14,19-22,46,4-4,23-20,36,0.5609756097560976,27,14,0.6585365853658537,19,22,0.4634146341463415,2022
13,MIN,46-36,26-15,20-21,46,4-4,28-21,36,0.5609756097560976,26,15,0.6341463414634146,20,21,0.4878048780487805,2022
14,BRK,44-38,20-21,24-17,44,8-4,20-20,38,0.5365853658536586,20,21,0.4878048780487805,24,17,0.5853658536585366,2022
15,CLE,44-38,25-16,19-22,44,10-4,22-19,38,0.5365853658536586,25,16,0.6097560975609756,19,22,0.4634146341463415,2022
16,ATL,43-39,27-14,16-25,43,7-3,24-18,39,0.524390243902439,27,14,0.6585365853658537,16,25,0.3902439024390244,2022
17,CHO,43-39,22-19,21-20,43,6-8,24-23,39,0.524390243902439,22,19,0.5365853658536586,21,20,0.5121951219512195,2022
18,LAC,42-40,25-16,17-24,42,10-5,20-21,40,0.5121951219512195,25,16,0.6097560975609756,17,24,0.4146341463414634,2022
19,NYK,37-45,17-24,20-21,37,5-6,19-23,45,0.45121951219512196,17,24,0.4146341463414634,20,21,0.4878048780487805,2022
20,NOP,36-46,19-22,17-24,36,4-3,23-30,46,0.43902439024390244,19,22,0.4634146341463415,17,24,0.4146341463414634,2022
21,WAS,35-47,21-20,14-27,35,12-6,11-27,47,0.4268292682926829,21,20,0.5121951219512195,14,27,0.34146341463414637,2022
22,SAS,34-48,16-25,18-23,34,6-5,19-24,48,0.4146341463414634,16,25,0.3902439024390244,18,23,0.43902439024390244,2022
23,LAL,33-49,21-20,12-29,33,5-7,13-22,49,0.4024390243902439,21,20,0.5121951219512195,12,29,0.2926829268292683,2022
24,SAC,30-52,16-25,14-27,30,7-8,11-30,52,0.36585365853658536,16,25,0.3902439024390244,14,27,0.34146341463414637,2022
25,POR,27-55,17-24,10-31,27,1-5,11-41,55,0.32926829268292684,17,24,0.4146341463414634,10,31,0.24390243902439024,2022
26,IND,25-57,16-25,9-32,25,3-14,14-19,57,0.3048780487804878,16,25,0.3902439024390244,9,32,0.21951219512195122,2022
27,OKC,24-58,12-29,12-29,24,7-6,9-32,58,0.2926829268292683,12,29,0.2926829268292683,12,29,0.2926829268292683,2022
28,DET,23-59,13-28,10-31,23,7-6,6-33,59,0.2804878048780488,13,28,0.3170731707317073,10,31,0.24390243902439024,2022
29,ORL,22-60,12-29,10-31,22,2-7,6-39,60,0.2682926829268293,12,29,0.2926829268292683,10,31,0.24390243902439024,2022
30,HOU,20-62,11-30,9-32,20,3-9,9-44,62,0.24390243902439024,11,30,0.2682926829268293,9,32,0.21951219512195122,2022
1,MIL,58-24,32-9,26-15,58,6-1,30-15,24,0.7073170731707317,32,9,0.7804878048780488,26,15,0.6341463414634146,2023
2,BOS,57-25,32-9,25-16,57,5-8,31-11,25,0.6951219512195121,32,9,0.7804878048780488,25,16,0.6097560975609756,2023
3,PHI,54-28,29-12,25-16,54,10-5,26-11,28,0.6585365853658537,29,12,0.7073170731707317,25,16,0.6097560975609756,2023
4,DEN,53-29,34-7,19-22,53,7-6,29-15,29,0.6463414634146342,34,7,0.8292682926829268,19,22,0.4634146341463415,2023
5,CLE,51-31,31-10,20-21,51,5-8,33-11,31,0.6219512195121951,31,10,0.7560975609756098,20,21,0.4878048780487805,2023
6,MEM,51-31,35-6,16-25,51,3-6,31-17,31,0.6219512195121951,35,6,0.8536585365853658,16,25,0.3902439024390244,2023
7,SAC,48-34,23-18,25-16,48,9-7,19-13,34,0.5853658536585366,23,18,0.5609756097560976,25,16,0.6097560975609756,2023
8,NYK,47-35,23-18,24-17,47,10-4,23-13,35,0.573170731707317,23,18,0.5609756097560976,24,17,0.5853658536585366,2023
9,BRK,45-37,23-18,22-19,45,10-4,22-17,37,0.5487804878048781,23,18,0.5609756097560976,22,19,0.5365853658536586,2023
10,PHO,45-37,28-13,17-24,45,4-9,28-17,37,0.5487804878048781,28,13,0.6829268292682927,17,24,0.4146341463414634,2023
11,GSW,44-38,33-8,11-30,44,4-8,24-16,38,0.5365853658536586,33,8,0.8048780487804879,11,30,0.2682926829268293,2023
12,LAC,44-38,23-18,21-20,44,4-6,20-21,38,0.5365853658536586,23,18,0.5609756097560976,21,20,0.5121951219512195,2023
13,MIA,44-38,27-14,17-24,44,14-8,12-13,38,0.5365853658536586,27,14,0.6585365853658537,17,24,0.4146341463414634,2023
14,LAL,43-39,23-18,20-21,43,8-5,19-19,39,0.524390243902439,23,18,0.5609756097560976,20,21,0.4878048780487805,2023
15,MIN,42-40,22-19,20-21,42,6-7,15-16,40,0.5121951219512195,22,19,0.5365853658536586,20,21,0.4878048780487805,2023
16,NOP,42-40,27-14,15-26,42,4-6,25-20,40,0.5121951219512195,27,14,0.6585365853658537,15,26,0.36585365853658536,2023
17,ATL,41-41,24-17,17-24,41,10-7,19-15,41,0.5,24,17,0.5853658536585366,17,24,0.4146341463414634,2023
18,TOR,41-41,27-14,14-27,41,4-10,23-16,41,0.5,27,14,0.6585365853658537,14,27,0.34146341463414637,2023
19,CHI,40-42,22-19,18-23,40,4-7,24-19,42,0.4878048780487805,22,19,0.5365853658536586,18,23,0.43902439024390244,2023
20,OKC,40-42,24-17,16-25,40,7-7,21-15,42,0.4878048780487805,24,17,0.5853658536585366,16,25,0.3902439024390244,2023
21,DAL,38-44,23-18,15-26,38,8-12,11-12,44,0.4634146341463415,23,18,0.5609756097560976,15,26,0.36585365853658536,2023
22,UTA,37-45,23-18,14-27,37,10-8,13-16,45,0.45121951219512196,23,18,0.5609756097560976,14,27,0.34146341463414637,2023
23,IND,35-47,20-21,15-26,35,8-7,9-25,47,0.4268292682926829,20,21,0.4878048780487805,15,26,0.36585365853658536,2023
24,WAS,35-47,19-22,16-25,35,7-6,19-21,47,0.4268292682926829,19,22,0.4634146341463415,16,25,0.3902439024390244,2023
25,ORL,34-48,20-21,14-27,34,5-6,16-24,48,0.4146341463414634,20,21,0.4878048780487805,14,27,0.34146341463414637,2023
26,POR,33-49,17-24,16-25,33,8-7,18-28,49,0.4024390243902439,17,24,0.4146341463414634,16,25,0.3902439024390244,2023
27,CHO,27-55,13-28,14-27,27,3-3,8-35,55,0.32926829268292684,13,28,0.3170731707317073,14,27,0.34146341463414637,2023
28,HOU,22-60,14-27,8-33,22,5-4,6-36,60,0.2682926829268293,14,27,0.34146341463414637,8,33,0.1951219512195122,2023
29,SAS,22-60,14-27,8-33,22,3-3,6-42,60,0.2682926829268293,14,27,0.34146341463414637,8,33,0.1951219512195122,2023
30,DET,17-65,9-32,8-33,17,2-8,6-37,65,0.2073170731707317,9,32,0.21951219512195122,8,33,0.1951219512195122,2023
1,BOS,64-18,37-4,27-14,64,6-7,42-5,18,0.7804878048780488,37,4,0.9024390243902439,27,14,0.6585365853658537,2024
2,DEN,57-25,33-8,24-17,57,6-6,28-10,25,0.6951219512195121,33,8,0.8048780487804879,24,17,0.5853658536585366,2024
3,OKC,57-25,33-8,24-17,57,6-3,32-10,25,0.6951219512195121,33,8,0.8048780487804879,24,17,0.5853658536585366,2024
4,MIN,56-26,30-11,26-15,56,7-6,32-10,26,0.6829268292682927,30,11,0.7317073170731707,26,15,0.6341463414634146,2024
5,LAC,51-31,25-16,26-15,51,6-4,28-17,31,0.6219512195121951,25,16,0.6097560975609756,26,15,0.6341463414634146,2024
6,DAL,50-32,25-16,25-16,50,5-2,31-21,32,0.6097560975609756,25,16,0.6097560975609756,25,16,0.6097560975609756,2024
7,NYK,50-32,27-14,23-18,50,4-3,32-16,32,0.6097560975609756,27,14,0.6585365853658537,23,18,0.5609756097560976,2024
8,MIL,49-33,31-11,18-22,49,4-6,25-16,33,0.5975609756097561,31,11,0.7380952380952381,18,22,0.45,2024
9,NOP,49-33,21-19,28-14,49,1-7,32-18,33,0.5975609756097561,21,19,0.525,28,14,0.6666666666666666,2024
10,PHO,49-33,25-16,24-17,49,8-6,29-14,33,0.5975609756097561,25,16,0.6097560975609756,24,17,0.5853658536585366,2024
11,CLE,48-34,26-15,22-19,48,9-5,24-16,34,0.5853658536585366,26,15,0.6341463414634146,22,19,0.5365853658536586,2024
12,IND,47-35,26-15,21-20,47,6-5,30-16,35,0.573170731707317,26,15,0.6341463414634146,21,20,0.5121951219512195,2024
13,LAL,47-35,28-14,19-21,47,11-4,20-25,35,0.573170731707317,28,14,0.6666666666666666,19,21,0.475,2024
14,ORL,47-35,29-12,18-23,47,6-9,27-20,35,0.573170731707317,29,12,0.7073170731707317,18,23,0.43902439024390244,2024
15,PHI,47-35,25-16,22-19,47,3-4,27-18,35,0.573170731707317,25,16,0.6097560975609756,22,19,0.5365853658536586,2024
16,MIA,46-36,22-19,24-17,46,8-4,21-15,36,0.5609756097560976,22,19,0.5365853658536586,24,17,0.5853658536585366,2024
17,GSW,46-36,21-20,25-16,46,4-11,24-12,36,0.5609756097560976,21,20,0.5121951219512195,25,16,0.6097560975609756,2024
18,SAC,46-36,24-17,22-19,46,6-5,26-19,36,0.5609756097560976,24,17,0.5853658536585366,22,19,0.5365853658536586,2024
19,HOU,41-41,27-14,14-27,41,8-5,23-17,41,0.5,27,14,0.6585365853658537,14,27,0.34146341463414637,2024
20,CHI,39-43,20-21,19-22,39,6-8,12-25,43,0.47560975609756095,20,21,0.4878048780487805,19,22,0.4634146341463415,2024
21,ATL,36-46,21-20,15-26,36,9-6,15-21,46,0.43902439024390244,21,20,0.5121951219512195,15,26,0.36585365853658536,2024
22,BRK,32-50,20-21,12-29,32,4-6,17-28,50,0.3902439024390244,20,21,0.4878048780487805,12,29,0.2926829268292683,2024
23,UTA,31-51,21-20,10-31,31,5-8,15-33,51,0.3780487804878049,21,20,0.5121951219512195,10,31,0.24390243902439024,2024
24,MEM,27-55,9-32,18-23,27,6-3,11-31,55,0.32926829268292684,9,32,0.21951219512195122,18,23,0.43902439024390244,2024
25,TOR,25-57,14-27,11-30,25,5-10,10-30,57,0.3048780487804878,14,27,0.34146341463414637,11,30,0.2682926829268293,2024
26,SAS,22-60,12-29,10-31,22,5-7,12-31,60,0.2682926829268293,12,29,0.2926829268292683,10,31,0.24390243902439024,2024
27,CHO,21-61,11-30,10-31,21,7-3,5-43,61,0.25609756097560976,11,30,0.2682926829268293,10,31,0.24390243902439024,2024
28,POR,21-61,11-30,10-31,21,5-6,5-38,61,0.25609756097560976,11,30,0.2682926829268293,10,31,0.24390243902439024,2024
29,WAS,15-67,7-34,8-33,15,4-5,6-35,67,0.18292682926829268,7,34,0.17073170731707318,8,33,0.1951219512195122,2024
30,DET,14-68,7-33,7-35,14,1-7,8-39,68,0.17073170731707318,7,33,0.175,7,35,0.16666666666666666,2024
1,OKC,68-14,36-6,32-8,68,1-4,54-5,14,0.8292682926829268,36,6,0.8571428571428571,32,8,0.8,2025
2,CLE,64-18,34-7,30-11,64,5-4,41-7,18,0.7804878048780488,34,7,0.8292682926829268,30,11,0.7317073170731707,2025
3,BOS,61-21,28-13,33-8,61,8-3,41-7,21,0.7439024390243902,28,13,0.6829268292682927,33,8,0.8048780487804879,2025
4,HOU,52-30,29-12,23-18,52,8-5,26-12,30,0.6341463414634146,29,12,0.7073170731707317,23,18,0.5609756097560976,2025
5,NYK,51-31,27-14,24-17,51,7-3,31-19,31,0.6219512195121951,27,14,0.6585365853658537,24,17,0.5853658536585366,2025
6,DEN,50-32,26-15,24-17,50,8-6,31-17,32,0.6097560975609756,26,15,0.6341463414634146,24,17,0.5853658536585366,2025
7,IND,50-32,29-12,21-20,50,6-2,25-17,32,0.6097560975609756,29,12,0.7073170731707317,21,20,0.5121951219512195,2025
8,LAC,50-32,30-11,20-21,50,5-7,32-13,32,0.6097560975609756,30,11,0.7317073170731707,20,21,0.4878048780487805,2025
9,LAL,50-32,31-10,19-22,50,4-6,22-21,32,0.6097560975609756,31,10,0.7560975609756098,19,22,0.4634146341463415,2025
10,MIN,49-33,25-16,24-17,49,11-11,31-9,33,0.5975609756097561,25,16,0.6097560975609756,24,17,0.5853658536585366,2025
11,GSW,48-34,24-17,24-17,48,6-6,26-15,34,0.5853658536585366,24,17,0.5853658536585366,24,17,0.5853658536585366,2025
12,MEM,48-34,26-15,22-19,48,9-6,31-15,34,0.5853658536585366,26,15,0.6341463414634146,22,19,0.5365853658536586,2025
13,MIL,48-34,28-14,20-20,48,5-9,25-19,34,0.5853658536585366,28,14,0.6666666666666666,20,20,0.5,2025
14,DET,44-38,22-19,22-19,44,8-6,23-17,38,0.5365853658536586,22,19,0.5365853658536586,22,19,0.5365853658536586,2025
15,ORL,41-41,22-19,19-22,41,4-7,22-20,41,0.5,22,19,0.5365853658536586,19,22,0.4634146341463415,2025
16,ATL,40-42,21-19,19-23,40,8-6,20-21,42,0.4878048780487805,21,19,0.525,19,23,0.4523809523809524,2025
17,SAC,40-42,20-21,20-21,40,4-9,22-19,42,0.4878048780487805,20,21,0.4878048780487805,20,21,0.4878048780487805,2025
18,CHI,39-43,18-23,21-20,39,6-4,23-26,43,0.47560975609756095,18,23,0.43902439024390244,21,20,0.5121951219512195,2025
19,DAL,39-43,22-18,17-25,39,5-8,17-24,43,0.47560975609756095,22,18,0.55,17,25,0.40476190476190477,2025
20,MIA,37-45,19-22,18-23,37,3-11,22-18,45,0.45121951219512196,19,22,0.4634146341463415,18,23,0.43902439024390244,2025
21,PHO,36-46,24-17,12-29,36,7-5,13-26,46,0.43902439024390244,24,17,0.5853658536585366,12,29,0.2926829268292683,2025
22,POR,36-46,22-19,14-27,36,7-4,19-30,46,0.43902439024390244,22,19,0.5365853658536586,14,27,0.34146341463414637,2025
23,SAS,34-48,20-21,14-27,34,7-7,17-32,48,0.4146341463414634,20,21,0.4878048780487805,14,27,0.34146341463414637,2025
24,TOR,30-52,18-23,12-29,30,7-9,16-28,52,0.36585365853658536,18,23,0.43902439024390244,12,29,0.2926829268292683,2025
25,BRK,26-56,12-29,14-27,26,8-7,7-32,56,0.3170731707317073,12,29,0.2926829268292683,14,27,0.34146341463414637,2025
26,PHI,24-58,12-29,12-29,24,4-4,10-35,58,0.2926829268292683,12,29,0.2926829268292683,12,29,0.2926829268292683,2025
27,NOP,21-61,14-27,7-34,21,3-8,6-38,61,0.25609756097560976,14,27,0.34146341463414637,7,34,0.17073170731707318,2025
28,CHO,19-63,12-29,7-34,19,8-7,5-39,63,0.23170731707317074,12,29,0.2926829268292683,7,34,0.17073170731707318,2025
29,WAS,18-64,8-33,10-31,18,7-2,5-53,64,0.21951219512195122,8,33,0.1951219512195122,10,31,0.24390243902439024,2025
30,UTA,17-65,10-31,7-34,17,5-8,8-37,65,0.2073170731707317,10,31,0.24390243902439024,7,34,0.17073170731707318,2025
